ID,Name,知识类型,type,[z]
knowledge:防御升级,防御升级,关键词,知识,0
knowledge:安全防护,安全防护,关键词,知识,0
knowledge:系统加固,系统加固,关键词,知识,0
knowledge:网站维护,网站维护,关键词,知识,0
knowledge:网站管理,网站管理,关键词,知识,0
knowledge:网站优化,网站优化,关键词,知识,0
knowledge:公司标志,公司标志,关键词,知识,0
knowledge:标志设计,标志设计,关键词,知识,0
knowledge:公司内宣期刊,公司内宣期刊,关键词,知识,0
knowledge:排版设计,排版设计,关键词,知识,0
knowledge:礼盒包装,礼盒包装,关键词,知识,0
knowledge:设计,设计,关键词,知识,0
knowledge:杂志编排,杂志编排,关键词,知识,0
knowledge:月刊设计,月刊设计,关键词,知识,0
knowledge:文艺小程序,文艺小程序,关键词,知识,0
knowledge:H5改版,H5改版,关键词,知识,0
knowledge:纪念画册,纪念画册,关键词,知识,0
knowledge:游戏开发,游戏开发,关键词,知识,0
knowledge:企业网站,企业网站,关键词,知识,0
knowledge:网站开发,网站开发,关键词,知识,0
knowledge:LOGO设计,LOGO设计,关键词,知识,0
knowledge:PPT美化,PPT美化,关键词,知识,0
knowledge:页面设计,页面设计,关键词,知识,0
knowledge:满意效果,满意效果,关键词,知识,0
knowledge:2023年1月刊,2023年1月刊,关键词,知识,0
knowledge:网站数据,网站数据,关键词,知识,0
knowledge:下载,下载,关键词,知识,0
knowledge:商行标志,商行标志,关键词,知识,0
knowledge:宣传册,宣传册,关键词,知识,0
knowledge:包装设计,包装设计,关键词,知识,0
knowledge:手机页面,手机页面,关键词,知识,0
knowledge:页面调整,页面调整,关键词,知识,0
knowledge:服务器防御,服务器防御,关键词,知识,0
knowledge:续费,续费,关键词,知识,0
knowledge:问卷调查,问卷调查,关键词,知识,0
knowledge:小程序,小程序,关键词,知识,0
knowledge:APP开发,APP开发,关键词,知识,0
knowledge:打包,打包,关键词,知识,0
knowledge:拖图软件,拖图软件,关键词,知识,0
knowledge:图像处理,图像处理,关键词,知识,0
knowledge:软件工具,软件工具,关键词,知识,0
knowledge:教学课件,教学课件,关键词,知识,0
knowledge:二期开发,二期开发,关键词,知识,0
knowledge:windows程序,windows程序,关键词,知识,0
knowledge:校园接单,校园接单,关键词,知识,0
knowledge:建筑公司,建筑公司,关键词,知识,0
knowledge:logo,logo,关键词,知识,0
knowledge:连锁品牌,连锁品牌,关键词,知识,0
knowledge:接口开发,接口开发,关键词,知识,0
knowledge:网页数据,网页数据,关键词,知识,0
knowledge:数据显示,数据显示,关键词,知识,0
knowledge:数学封面,数学封面,关键词,知识,0
knowledge:刷题考试,刷题考试,关键词,知识,0
knowledge:金融,金融,关键词,知识,0
knowledge:画册,画册,关键词,知识,0
knowledge:新品,新品,关键词,知识,0
knowledge:尾款,尾款,关键词,知识,0
knowledge:现成商城,现成商城,关键词,知识,0
knowledge:商城系统,商城系统,关键词,知识,0
knowledge:app开发,app开发,关键词,知识,0
knowledge:生鲜超市,生鲜超市,关键词,知识,0
knowledge:VI设计,VI设计,关键词,知识,0
knowledge:应用,应用,关键词,知识,0
knowledge:会所,会所,关键词,知识,0
knowledge:动态表情,动态表情,关键词,知识,0
knowledge:电商网站,电商网站,关键词,知识,0
knowledge:电商小程序,电商小程序,关键词,知识,0
knowledge:体育采集,体育采集,关键词,知识,0
knowledge:注单跟投,注单跟投,关键词,知识,0
knowledge:软件,软件,关键词,知识,0
knowledge:开发,开发,关键词,知识,0
knowledge:书本装帧,书本装帧,关键词,知识,0
knowledge:企业标志,企业标志,关键词,知识,0
knowledge:游戏人物,游戏人物,关键词,知识,0
knowledge:场景设计,场景设计,关键词,知识,0
knowledge:地图设计,地图设计,关键词,知识,0
knowledge:项目推广,项目推广,关键词,知识,0
knowledge:手册设计,手册设计,关键词,知识,0
knowledge:农科品牌,农科品牌,关键词,知识,0
knowledge:数据信息收集,数据信息收集,关键词,知识,0
knowledge:网站信息,网站信息,关键词,知识,0
knowledge:二开软件,二开软件,关键词,知识,0
knowledge:im聊天功能,im聊天功能,关键词,知识,0
knowledge:软件开发,软件开发,关键词,知识,0
knowledge:卡通形象,卡通形象,关键词,知识,0
knowledge:宣传招商,宣传招商,关键词,知识,0
knowledge:加盟,加盟,关键词,知识,0
knowledge:DY短视频,DY短视频,关键词,知识,0
knowledge:报名小程序,报名小程序,关键词,知识,0
knowledge:二次开发,二次开发,关键词,知识,0
knowledge:2月刊,2月刊,关键词,知识,0
knowledge:办公室施工图,办公室施工图,关键词,知识,0
knowledge:租车,租车,关键词,知识,0
knowledge:答题,答题,关键词,知识,0
knowledge:电影,电影,关键词,知识,0
knowledge:跑腿,跑腿,关键词,知识,0
knowledge:废品回收,废品回收,关键词,知识,0
knowledge:SAAS商城,SAAS商城,关键词,知识,0
knowledge:特产礼品装,特产礼品装,关键词,知识,0
knowledge:呼律师,呼律师,关键词,知识,0
knowledge:服务器维护,服务器维护,关键词,知识,0
knowledge:季度费用,季度费用,关键词,知识,0
knowledge:电商信息流广告,电商信息流广告,关键词,知识,0
knowledge:煨汤煨菜店,煨汤煨菜店,关键词,知识,0
knowledge:IP形象设计,IP形象设计,关键词,知识,0
knowledge:苹果筛选,苹果筛选,关键词,知识,0
knowledge:im,im,关键词,知识,0
knowledge:手机数据恢复,手机数据恢复,关键词,知识,0
knowledge:一期款,一期款,关键词,知识,0
knowledge:双控平台,双控平台,关键词,知识,0
knowledge:离线聊天,离线聊天,关键词,知识,0
knowledge:APP,APP,关键词,知识,0
knowledge:前端,前端,关键词,知识,0
knowledge:UI设计,UI设计,关键词,知识,0
knowledge:悦读童年,悦读童年,关键词,知识,0
knowledge:中华文化,中华文化,关键词,知识,0
knowledge:logo设计,logo设计,关键词,知识,0
knowledge:设计字体,设计字体,关键词,知识,0
knowledge:LOGO,LOGO,关键词,知识,0
knowledge:安全双控,安全双控,关键词,知识,0
knowledge:oa项目,oa项目,关键词,知识,0
knowledge:pm项目,pm项目,关键词,知识,0
knowledge:数据同步,数据同步,关键词,知识,0
knowledge:APP页面设计,APP页面设计,关键词,知识,0
knowledge:中医药宣传,中医药宣传,关键词,知识,0
knowledge:海报设计,海报设计,关键词,知识,0
knowledge:表格处理,表格处理,关键词,知识,0
knowledge:百度网盘,百度网盘,关键词,知识,0
knowledge:图片下载,图片下载,关键词,知识,0
knowledge:餐饮品牌,餐饮品牌,关键词,知识,0
knowledge:商城二次开发,商城二次开发,关键词,知识,0
knowledge:装帧设计,装帧设计,关键词,知识,0
knowledge:网站设计,网站设计,关键词,知识,0
knowledge:微信沟通,微信沟通,关键词,知识,0
knowledge:链接,链接,关键词,知识,0
knowledge:商标设计,商标设计,关键词,知识,0
knowledge:卡密源码,卡密源码,关键词,知识,0
knowledge:功能增加,功能增加,关键词,知识,0
knowledge:shopee上货,shopee上货,关键词,知识,0
knowledge:弘德燊系统,弘德燊系统,关键词,知识,0
knowledge:系统升级,系统升级,关键词,知识,0
knowledge:2023年,2023年,关键词,知识,0
knowledge:3月刊,3月刊,关键词,知识,0
knowledge:服装行业,服装行业,关键词,知识,0
knowledge:商业计划书,商业计划书,关键词,知识,0
knowledge:市场分析,市场分析,关键词,知识,0
knowledge:甜品店,甜品店,关键词,知识,0
knowledge:高档礼盒,高档礼盒,关键词,知识,0
knowledge:剪辑,剪辑,关键词,知识,0
knowledge:制作,制作,关键词,知识,0
knowledge:自动充值话费,自动充值话费,关键词,知识,0
knowledge:API接口,API接口,关键词,知识,0
knowledge:源码,源码,关键词,知识,0
knowledge:影视站,影视站,关键词,知识,0
knowledge:公司宣传册,公司宣传册,关键词,知识,0
knowledge:官网,官网,关键词,知识,0
knowledge:线缆厂仓存,线缆厂仓存,关键词,知识,0
knowledge:手机展示,手机展示,关键词,知识,0
knowledge:线缆厂,线缆厂,关键词,知识,0
knowledge:课堂讲义,课堂讲义,关键词,知识,0
knowledge:封面设计,封面设计,关键词,知识,0
knowledge:科技论坛,科技论坛,关键词,知识,0
knowledge:确认,确认,关键词,知识,0
knowledge:商务局,商务局,关键词,知识,0
knowledge:画册设计,画册设计,关键词,知识,0
knowledge:人事档案,人事档案,关键词,知识,0
knowledge:检索,检索,关键词,知识,0
knowledge:P图,P图,关键词,知识,0
knowledge:Logo设计,Logo设计,关键词,知识,0
knowledge:铅笔盒,铅笔盒,关键词,知识,0
knowledge:包装盒,包装盒,关键词,知识,0
knowledge:卡通,卡通,关键词,知识,0
knowledge:督查督办,督查督办,关键词,知识,0
knowledge:风险检查,风险检查,关键词,知识,0
knowledge:手机端,手机端,关键词,知识,0
knowledge:闲鱼商品,闲鱼商品,关键词,知识,0
knowledge:上架助手,上架助手,关键词,知识,0
knowledge:游泳长训班,游泳长训班,关键词,知识,0
knowledge:c++,c++,关键词,知识,0
knowledge:qt,qt,关键词,知识,0
knowledge:通讯开发,通讯开发,关键词,知识,0
knowledge:企业PPT,企业PPT,关键词,知识,0
knowledge:设计公司,设计公司,关键词,知识,0
knowledge:小程序开发,小程序开发,关键词,知识,0
knowledge:UI界面,UI界面,关键词,知识,0
knowledge:销售业务,销售业务,关键词,知识,0
knowledge:功能开发,功能开发,关键词,知识,0
knowledge:小程序页面,小程序页面,关键词,知识,0
knowledge:版本优化,版本优化,关键词,知识,0
knowledge:实时销售数据报表,实时销售数据报表,关键词,知识,0
knowledge:基础支持功能,基础支持功能,关键词,知识,0
knowledge:产品手册,产品手册,关键词,知识,0
knowledge:打车,打车,关键词,知识,0
knowledge:app,app,关键词,知识,0
knowledge:社区商城,社区商城,关键词,知识,0
knowledge:动态logo,动态logo,关键词,知识,0
knowledge:品牌VI,品牌VI,关键词,知识,0
knowledge:淘客宣传,淘客宣传,关键词,知识,0
knowledge:视频剪辑,视频剪辑,关键词,知识,0
knowledge:AI工具网站,AI工具网站,关键词,知识,0
knowledge:兼容设计,兼容设计,关键词,知识,0
knowledge:手机PC,手机PC,关键词,知识,0
knowledge:公司期刊,公司期刊,关键词,知识,0
knowledge:内部刊物,内部刊物,关键词,知识,0
knowledge:茶饮品牌,茶饮品牌,关键词,知识,0
knowledge:微信小程序,微信小程序,关键词,知识,0
knowledge:界面设计,界面设计,关键词,知识,0
knowledge:网站信息获取,网站信息获取,关键词,知识,0
knowledge:群发脚本,群发脚本,关键词,知识,0
knowledge:协议开发,协议开发,关键词,知识,0
knowledge:墨雨包装,墨雨包装,关键词,知识,0
knowledge:包装盒设计,包装盒设计,关键词,知识,0
knowledge:产品展示,产品展示,关键词,知识,0
knowledge:企业宣传册,企业宣传册,关键词,知识,0
knowledge:创意画册设计制作,创意画册设计制作,关键词,知识,0
knowledge:系统优化,系统优化,关键词,知识,0
knowledge:班主任,班主任,关键词,知识,0
knowledge:答题小程序,答题小程序,关键词,知识,0
knowledge:商城APP,商城APP,关键词,知识,0
knowledge:滋补礼盒,滋补礼盒,关键词,知识,0
knowledge:创意画册设计,创意画册设计,关键词,知识,0
knowledge:企业画报,企业画报,关键词,知识,0
knowledge:图形思路,图形思路,关键词,知识,0
knowledge:餐饮小程序,餐饮小程序,关键词,知识,0
knowledge:TP6,TP6,关键词,知识,0
knowledge:UNIAPP,UNIAPP,关键词,知识,0
knowledge:VUE,VUE,关键词,知识,0
knowledge:营销文章,营销文章,关键词,知识,0
knowledge:插件开发,插件开发,关键词,知识,0
knowledge:包装箱设计,包装箱设计,关键词,知识,0
knowledge:瓶型设计,瓶型设计,关键词,知识,0
knowledge:包装礼盒,包装礼盒,关键词,知识,0
knowledge:手提袋设计,手提袋设计,关键词,知识,0
knowledge:会展板,会展板,关键词,知识,0
knowledge:KV设计,KV设计,关键词,知识,0
knowledge:墙面广告,墙面广告,关键词,知识,0
knowledge:展架,展架,关键词,知识,0
knowledge:喷绘布,喷绘布,关键词,知识,0
knowledge:报名活动,报名活动,关键词,知识,0
knowledge:初创企业,初创企业,关键词,知识,0
knowledge:手机网页,手机网页,关键词,知识,0
knowledge:前端开发,前端开发,关键词,知识,0
knowledge:艺术甜品,艺术甜品,关键词,知识,0
knowledge:蛋糕店,蛋糕店,关键词,知识,0
knowledge:装修设计,装修设计,关键词,知识,0
knowledge:毛胚房,毛胚房,关键词,知识,0
knowledge:包装袋,包装袋,关键词,知识,0
knowledge:4月刊,4月刊,关键词,知识,0
knowledge:中文新闻,中文新闻,关键词,知识,0
knowledge:英文翻译,英文翻译,关键词,知识,0
knowledge:包装箱,包装箱,关键词,知识,0
knowledge:网站,网站,关键词,知识,0
knowledge:领导督办,领导督办,关键词,知识,0
knowledge:督办业务变更,督办业务变更,关键词,知识,0
knowledge:ZXD,ZXD,关键词,知识,0
knowledge:产品设计,产品设计,关键词,知识,0
knowledge:图片设计,图片设计,关键词,知识,0
knowledge:仓储管理,仓储管理,关键词,知识,0
knowledge:网站新增需求,网站新增需求,关键词,知识,0
knowledge:网页设计,网页设计,关键词,知识,0
knowledge:触摸屏,触摸屏,关键词,知识,0
knowledge:仿制网站,仿制网站,关键词,知识,0
knowledge:数据采集,数据采集,关键词,知识,0
knowledge:登录器,登录器,关键词,知识,0
knowledge:请求地址,请求地址,关键词,知识,0
knowledge:公司LOGO,公司LOGO,关键词,知识,0
knowledge:原系统商城,原系统商城,关键词,知识,0
knowledge:付呗接口,付呗接口,关键词,知识,0
knowledge:餐饮,餐饮,关键词,知识,0
knowledge:娱乐,娱乐,关键词,知识,0
knowledge:休闲,休闲,关键词,知识,0
knowledge:旅游,旅游,关键词,知识,0
knowledge:医疗,医疗,关键词,知识,0
knowledge:房产,房产,关键词,知识,0
knowledge:超市,超市,关键词,知识,0
knowledge:科,科,关键词,知识,0
knowledge:双折页,双折页,关键词,知识,0
knowledge:产品宣传册,产品宣传册,关键词,知识,0
knowledge:彩页设计,彩页设计,关键词,知识,0
knowledge:墨雨定制,墨雨定制,关键词,知识,0
knowledge:个人公司名片,个人公司名片,关键词,知识,0
knowledge:会员卡,会员卡,关键词,知识,0
knowledge:购物卡片,购物卡片,关键词,知识,0
knowledge:工牌卡片,工牌卡片,关键词,知识,0
knowledge:设计制作,设计制作,关键词,知识,0
knowledge:接口升级,接口升级,关键词,知识,0
knowledge:3.0版本,3.0版本,关键词,知识,0
knowledge:商品外包装设计,商品外包装设计,关键词,知识,0
knowledge:积分商城,积分商城,关键词,知识,0
knowledge:3D建模,3D建模,关键词,知识,0
knowledge:渲染,渲染,关键词,知识,0
knowledge:三维IP,三维IP,关键词,知识,0
knowledge:短视频渠道,短视频渠道,关键词,知识,0
knowledge:加粉,加粉,关键词,知识,0
knowledge:关注,关注,关键词,知识,0
knowledge:曝光率,曝光率,关键词,知识,0
knowledge:代运营,代运营,关键词,知识,0
knowledge:营销策略,营销策略,关键词,知识,0
knowledge:短视频设计,短视频设计,关键词,知识,0
knowledge:短视频创作,短视频创作,关键词,知识,0
knowledge:短视频平台认证,短视频平台认证,关键词,知识,0
knowledge:自媒体,自媒体,关键词,知识,0
knowledge:KOI资源,KOI资源,关键词,知识,0
knowledge:短视频平台,短视频平台,关键词,知识,0
knowledge:社群管理,社群管理,关键词,知识,0
knowledge:优化,优化,关键词,知识,0
knowledge:运营活动,运营活动,关键词,知识,0
knowledge:认证,认证,关键词,知识,0
knowledge:粉丝管理,粉丝管理,关键词,知识,0
knowledge:广告投放,广告投放,关键词,知识,0
knowledge:短视频直播,短视频直播,关键词,知识,0
knowledge:平台直播,平台直播,关键词,知识,0
knowledge:科普信息,科普信息,关键词,知识,0
knowledge:动画制作,动画制作,关键词,知识,0
knowledge:3d动画,3d动画,关键词,知识,0
knowledge:短视频,短视频,关键词,知识,0
knowledge:外包制作,外包制作,关键词,知识,0
knowledge:三维动画,三维动画,关键词,知识,0
knowledge:建模,建模,关键词,知识,0
knowledge:救护车,救护车,关键词,知识,0
knowledge:后期制作,后期制作,关键词,知识,0
knowledge:MG动画,MG动画,关键词,知识,0
knowledge:手机开机动画,手机开机动画,关键词,知识,0
knowledge:5S动画,5S动画,关键词,知识,0
knowledge:交通行业,交通行业,关键词,知识,0
knowledge:MG视频,MG视频,关键词,知识,0
knowledge:简单制作,简单制作,关键词,知识,0
knowledge:Flash动画,Flash动画,关键词,知识,0
knowledge:儿童教育,儿童教育,关键词,知识,0
knowledge:食用菌,食用菌,关键词,知识,0
knowledge:3D游戏角色,3D游戏角色,关键词,知识,0
knowledge:骨骼绑定,骨骼绑定,关键词,知识,0
knowledge:游戏动画,游戏动画,关键词,知识,0
knowledge:视频制作,视频制作,关键词,知识,0
knowledge:插画,插画,关键词,知识,0
knowledge:经验,经验,关键词,知识,0
knowledge:鞋子产品,鞋子产品,关键词,知识,0
knowledge:视频拍摄,视频拍摄,关键词,知识,0
knowledge:日用品,日用品,关键词,知识,0
knowledge:玩具产品,玩具产品,关键词,知识,0
knowledge:礼盒工厂,礼盒工厂,关键词,知识,0
knowledge:产品拍摄,产品拍摄,关键词,知识,0
knowledge:母婴产品,母婴产品,关键词,知识,0
knowledge:牛奶产品,牛奶产品,关键词,知识,0
knowledge:电器,电器,关键词,知识,0
knowledge:TVC广告,TVC广告,关键词,知识,0
knowledge:宣传片,宣传片,关键词,知识,0
knowledge:房产中介,房产中介,关键词,知识,0
knowledge:电梯广告,电梯广告,关键词,知识,0
knowledge:视频,视频,关键词,知识,0
knowledge:音响,音响,关键词,知识,0
knowledge:拍摄,拍摄,关键词,知识,0
knowledge:物业公司,物业公司,关键词,知识,0
knowledge:企业形象,企业形象,关键词,知识,0
knowledge:红木家具,红木家具,关键词,知识,0
knowledge:产品,产品,关键词,知识,0
knowledge:塔吊电梯,塔吊电梯,关键词,知识,0
knowledge:租赁公司,租赁公司,关键词,知识,0
knowledge:施工项目,施工项目,关键词,知识,0
knowledge:视频定制,视频定制,关键词,知识,0
knowledge:眼镜店,眼镜店,关键词,知识,0
knowledge:定制,定制,关键词,知识,0
knowledge:茶叶行业,茶叶行业,关键词,知识,0
knowledge:养生馆,养生馆,关键词,知识,0
knowledge:艺术培训机构,艺术培训机构,关键词,知识,0
knowledge:二手车收售,二手车收售,关键词,知识,0
knowledge:门店定制,门店定制,关键词,知识,0
knowledge:护肤品行业,护肤品行业,关键词,知识,0
knowledge:婴儿监护器,婴儿监护器,关键词,知识,0
knowledge:创意视频,创意视频,关键词,知识,0
knowledge:拍摄剪辑,拍摄剪辑,关键词,知识,0
knowledge:中秋创意广告,中秋创意广告,关键词,知识,0
knowledge:故事,故事,关键词,知识,0
knowledge:创意广告,创意广告,关键词,知识,0
knowledge:短视频拍摄,短视频拍摄,关键词,知识,0
knowledge:木门,木门,关键词,知识,0
knowledge:全屋定制,全屋定制,关键词,知识,0
knowledge:品牌升级,品牌升级,关键词,知识,0
knowledge:TVC广告片,TVC广告片,关键词,知识,0
knowledge:创意宣传视频,创意宣传视频,关键词,知识,0
knowledge:视频创意,视频创意,关键词,知识,0
knowledge:拍摄团队,拍摄团队,关键词,知识,0
knowledge:黄芪,黄芪,关键词,知识,0
knowledge:网抑文,网抑文,关键词,知识,0
knowledge:配音,配音,关键词,知识,0
knowledge:快手,快手,关键词,知识,0
knowledge:短视频剪辑,短视频剪辑,关键词,知识,0
knowledge:短视频制作,短视频制作,关键词,知识,0
knowledge:点赞,点赞,关键词,知识,0
knowledge:剧情拍摄,剧情拍摄,关键词,知识,0
knowledge:快手短视频,快手短视频,关键词,知识,0
knowledge:渠道代运营,渠道代运营,关键词,知识,0
knowledge:种草,种草,关键词,知识,0
knowledge:KOC,KOC,关键词,知识,0
knowledge:直播互动,直播互动,关键词,知识,0
knowledge:人员,人员,关键词,知识,0
knowledge:微视频,微视频,关键词,知识,0
knowledge:短视频运营,短视频运营,关键词,知识,0
knowledge:起号,起号,关键词,知识,0
knowledge:预制菜产品,预制菜产品,关键词,知识,0
knowledge:带货项目,带货项目,关键词,知识,0
knowledge:合作,合作,关键词,知识,0
knowledge:家具,家具,关键词,知识,0
knowledge:直播带货,直播带货,关键词,知识,0
knowledge:护肤品厂家,护肤品厂家,关键词,知识,0
knowledge:手机壳厂家,手机壳厂家,关键词,知识,0
knowledge:短视频代运营,短视频代运营,关键词,知识,0
knowledge:家具品牌,家具品牌,关键词,知识,0
knowledge:电商直播,电商直播,关键词,知识,0
knowledge:海参,海参,关键词,知识,0
knowledge:产品带货,产品带货,关键词,知识,0
knowledge:玉石文玩,玉石文玩,关键词,知识,0
knowledge:直播运营,直播运营,关键词,知识,0
knowledge:闽台特产,闽台特产,关键词,知识,0
knowledge:零食工厂,零食工厂,关键词,知识,0
knowledge:专题片制作,专题片制作,关键词,知识,0
knowledge:专题片,专题片,关键词,知识,0
knowledge:需求,需求,关键词,知识,0
knowledge:企业专题片,企业专题片,关键词,知识,0
knowledge:工业类企业,工业类企业,关键词,知识,0
knowledge:城市专题片,城市专题片,关键词,知识,0
knowledge:农业专题片,农业专题片,关键词,知识,0
knowledge:人物群像,人物群像,关键词,知识,0
knowledge:新闻专题片,新闻专题片,关键词,知识,0
knowledge:医疗企业,医疗企业,关键词,知识,0
knowledge:心理咨询,心理咨询,关键词,知识,0
knowledge:访谈,访谈,关键词,知识,0
knowledge:直播切片,直播切片,关键词,知识,0
knowledge:带货视频,带货视频,关键词,知识,0
knowledge:搞笑风格,搞笑风格,关键词,知识,0
knowledge:剪辑贴片,剪辑贴片,关键词,知识,0
knowledge:大腿剪辑,大腿剪辑,关键词,知识,0
knowledge:短视频投放,短视频投放,关键词,知识,0
knowledge:生活vlog,生活vlog,关键词,知识,0
knowledge:文案,文案,关键词,知识,0
knowledge:文化类企业,文化类企业,关键词,知识,0
knowledge:团队,团队,关键词,知识,0
knowledge:剪辑师,剪辑师,关键词,知识,0
knowledge:教育类视频,教育类视频,关键词,知识,0
knowledge:汽车短视频,汽车短视频,关键词,知识,0
knowledge:混剪,混剪,关键词,知识,0
knowledge:长期合作,长期合作,关键词,知识,0
knowledge:游戏视频剪辑,游戏视频剪辑,关键词,知识,0
knowledge:工作室招聘,工作室招聘,关键词,知识,0
knowledge:小说声画,小说声画,关键词,知识,0
knowledge:宠物彩妆,宠物彩妆,关键词,知识,0
knowledge:猫咪视频,猫咪视频,关键词,知识,0
knowledge:拍摄素材,拍摄素材,关键词,知识,0
knowledge:电商女装,电商女装,关键词,知识,0
knowledge:平面拍摄,平面拍摄,关键词,知识,0
knowledge:连云港预开业店,连云港预开业店,关键词,知识,0
knowledge:图片,图片,关键词,知识,0
knowledge:美发护发产品,美发护发产品,关键词,知识,0
knowledge:图片展示,图片展示,关键词,知识,0
knowledge:素材,素材,关键词,知识,0
knowledge:跨境电商,跨境电商,关键词,知识,0
knowledge:视觉设计,视觉设计,关键词,知识,0
knowledge:量大,量大,关键词,知识,0
knowledge:毕业作品,毕业作品,关键词,知识,0
knowledge:拍摄设计,拍摄设计,关键词,知识,0
knowledge:跨境电商平台,跨境电商平台,关键词,知识,0
knowledge:图片拍摄,图片拍摄,关键词,知识,0
knowledge:工业机械产品,工业机械产品,关键词,知识,0
knowledge:苏州本地,苏州本地,关键词,知识,0
knowledge:网感,网感,关键词,知识,0
knowledge:AR物流,AR物流,关键词,知识,0
knowledge:海上运输,海上运输,关键词,知识,0
knowledge:3DVR,3DVR,关键词,知识,0
knowledge:景制作,景制作,关键词,知识,0
knowledge:三维工业机器,三维工业机器,关键词,知识,0
knowledge:展示视频,展示视频,关键词,知识,0
knowledge:医学科普,医学科普,关键词,知识,0
knowledge:VR动画,VR动画,关键词,知识,0
knowledge:h5壳,h5壳,关键词,知识,0
knowledge:新品画册,新品画册,关键词,知识,0
knowledge:编排设计,编排设计,关键词,知识,0
knowledge:PPT设计,PPT设计,关键词,知识,0
knowledge:演示汇报,演示汇报,关键词,知识,0
knowledge:路演,路演,关键词,知识,0
knowledge:课件,课件,关键词,知识,0
knowledge:简历,简历,关键词,知识,0
knowledge:音乐网站,音乐网站,关键词,知识,0
knowledge:服务器运维,服务器运维,关键词,知识,0
knowledge:租赁费用,租赁费用,关键词,知识,0
knowledge:商城签到,商城签到,关键词,知识,0
knowledge:功能,功能,关键词,知识,0
knowledge:安卓文件管理,安卓文件管理,关键词,知识,0
knowledge:本地存储,本地存储,关键词,知识,0
knowledge:小家电,小家电,关键词,知识,0
knowledge:品牌设计,品牌设计,关键词,知识,0
knowledge:旅行短视频,旅行短视频,关键词,知识,0
knowledge:文案配音,文案配音,关键词,知识,0
knowledge:DM单页,DM单页,关键词,知识,0
knowledge:网络户外,网络户外,关键词,知识,0
knowledge:车身灯箱,车身灯箱,关键词,知识,0
knowledge:杂志墙体,杂志墙体,关键词,知识,0
knowledge:宣传单,宣传单,关键词,知识,0
knowledge:广告海报,广告海报,关键词,知识,0
knowledge:菜单菜谱,菜单菜谱,关键词,知识,0
knowledge:展架折页,展架折页,关键词,知识,0
knowledge:墙体灯箱,墙体灯箱,关键词,知识,0
knowledge:户外广告,户外广告,关键词,知识,0
knowledge:广告牌,广告牌,关键词,知识,0
knowledge:易拉宝,易拉宝,关键词,知识,0
knowledge:吉祥物,吉祥物,关键词,知识,0
knowledge:商业Q版,商业Q版,关键词,知识,0
knowledge:表情包,表情包,关键词,知识,0
knowledge:漫画IP,漫画IP,关键词,知识,0
knowledge:公仔,公仔,关键词,知识,0
knowledge:动漫,动漫,关键词,知识,0
knowledge:企业VI设计,企业VI设计,关键词,知识,0
knowledge:工业制造,工业制造,关键词,知识,0
knowledge:互联网金融,互联网金融,关键词,知识,0
knowledge:通讯电子,通讯电子,关键词,知识,0
knowledge:VIS设计,VIS设计,关键词,知识,0
knowledge:抖音,抖音,关键词,知识,0
knowledge:个人账号,个人账号,关键词,知识,0
knowledge:期刊设计,期刊设计,关键词,知识,0
knowledge:食品包装,食品包装,关键词,知识,0
knowledge:理发器,理发器,关键词,知识,0
knowledge:外观设计,外观设计,关键词,知识,0
knowledge:花茶礼盒,花茶礼盒,关键词,知识,0
knowledge:JAVA,JAVA,关键词,知识,0
knowledge:PC网站,PC网站,关键词,知识,0
knowledge:完善,完善,关键词,知识,0
knowledge:人物纪录片,人物纪录片,关键词,知识,0
knowledge:剧本创作,剧本创作,关键词,知识,0
knowledge:优秀剧本,优秀剧本,关键词,知识,0
knowledge:食品快消,食品快消,关键词,知识,0
knowledge:主图视频,主图视频,关键词,知识,0
knowledge:vlog,vlog,关键词,知识,0
knowledge:素材制作,素材制作,关键词,知识,0
knowledge:探店,探店,关键词,知识,0
knowledge:小红书运营,小红书运营,关键词,知识,0
knowledge:图文设计,图文设计,关键词,知识,0
knowledge:二维动画,二维动画,关键词,知识,0
knowledge:形象设计,形象设计,关键词,知识,0
knowledge:沙雕动画,沙雕动画,关键词,知识,0
knowledge:GIF动画,GIF动画,关键词,知识,0
knowledge:日化产品,日化产品,关键词,知识,0
knowledge:室内设计,室内设计,关键词,知识,0
knowledge:修图,修图,关键词,知识,0
knowledge:宣传广告,宣传广告,关键词,知识,0
knowledge:广告片,广告片,关键词,知识,0
knowledge:VR效果图,VR效果图,关键词,知识,0
knowledge:3D全景图,3D全景图,关键词,知识,0
knowledge:3D动画,3D动画,关键词,知识,0
knowledge:企业宣传片,企业宣传片,关键词,知识,0
knowledge:宣传片制作,宣传片制作,关键词,知识,0
knowledge:创意设计,创意设计,关键词,知识,0
knowledge:产品宣传视频,产品宣传视频,关键词,知识,0
knowledge:宠物玩具,宠物玩具,关键词,知识,0
knowledge:创意短片,创意短片,关键词,知识,0
knowledge:教育类短视频,教育类短视频,关键词,知识,0
knowledge:夜市,夜市,关键词,知识,0
knowledge:烤肉,烤肉,关键词,知识,0
knowledge:纪录片,纪录片,关键词,知识,0
knowledge:红酒制作,红酒制作,关键词,知识,0
knowledge:淘宝视频,淘宝视频,关键词,知识,0
knowledge:服装搭配,服装搭配,关键词,知识,0
knowledge:美食,美食,关键词,知识,0
knowledge:搞笑,搞笑,关键词,知识,0
knowledge:电商,电商,关键词,知识,0
knowledge:小红书,小红书,关键词,知识,0
knowledge:营销,营销,关键词,知识,0
knowledge:美食GIF,美食GIF,关键词,知识,0
knowledge:结婚照,结婚照,关键词,知识,0
knowledge:PS修图,PS修图,关键词,知识,0
knowledge:客厅VR,客厅VR,关键词,知识,0
knowledge:效果图,效果图,关键词,知识,0
knowledge:卧室,卧室,关键词,知识,0
knowledge:3d效果图,3d效果图,关键词,知识,0
knowledge:动漫3d,动漫3d,关键词,知识,0
knowledge:珠宝店产品,珠宝店产品,关键词,知识,0
knowledge:化妆品视频,化妆品视频,关键词,知识,0
knowledge:情绪创意,情绪创意,关键词,知识,0
knowledge:情感短视频,情感短视频,关键词,知识,0
knowledge:渠道加粉,渠道加粉,关键词,知识,0
knowledge:短视频营销,短视频营销,关键词,知识,0
knowledge:风扇,风扇,关键词,知识,0
knowledge:女服装,女服装,关键词,知识,0
knowledge:直播卖货,直播卖货,关键词,知识,0
knowledge:闽剧,闽剧,关键词,知识,0
knowledge:餐饮剪辑,餐饮剪辑,关键词,知识,0
knowledge:珠宝专题片,珠宝专题片,关键词,知识,0
knowledge:游戏脚本,游戏脚本,关键词,知识,0
knowledge:商标,商标,关键词,知识,0
knowledge:2023年5月刊,2023年5月刊,关键词,知识,0
knowledge:微纪录片,微纪录片,关键词,知识,0
knowledge:解说,解说,关键词,知识,0
knowledge:儿童剧本,儿童剧本,关键词,知识,0
knowledge:剧本编写,剧本编写,关键词,知识,0
knowledge:淘宝主图,淘宝主图,关键词,知识,0
knowledge:视频短剧,视频短剧,关键词,知识,0
knowledge:VLOG,VLOG,关键词,知识,0
knowledge:健身会所,健身会所,关键词,知识,0
knowledge:信息流营销,信息流营销,关键词,知识,0
knowledge:搞笑动画,搞笑动画,关键词,知识,0
knowledge:二维动画制作,二维动画制作,关键词,知识,0
knowledge:新logo,新logo,关键词,知识,0
knowledge:gif图,gif图,关键词,知识,0
knowledge:创作,创作,关键词,知识,0
knowledge:产品视频,产品视频,关键词,知识,0
knowledge:20款产品,20款产品,关键词,知识,0
knowledge:专业拍摄,专业拍摄,关键词,知识,0
knowledge:精修,精修,关键词,知识,0
knowledge:产品短视频,产品短视频,关键词,知识,0
knowledge:平台认证,平台认证,关键词,知识,0
knowledge:游戏短视频,游戏短视频,关键词,知识,0
knowledge:产品推广,产品推广,关键词,知识,0
knowledge:餐饮行业,餐饮行业,关键词,知识,0
knowledge:工业三维动画,工业三维动画,关键词,知识,0
knowledge:佛像,佛像,关键词,知识,0
knowledge:家庭感情线,家庭感情线,关键词,知识,0
knowledge:普洱茶,普洱茶,关键词,知识,0
knowledge:BB霜,BB霜,关键词,知识,0
knowledge:汽车,汽车,关键词,知识,0
knowledge:Vlog,Vlog,关键词,知识,0
knowledge:家政,家政,关键词,知识,0
knowledge:门帘,门帘,关键词,知识,0
knowledge:小红书营销,小红书营销,关键词,知识,0
knowledge:创业公司,创业公司,关键词,知识,0
knowledge:口腔动画,口腔动画,关键词,知识,0
knowledge:回忆童年,回忆童年,关键词,知识,0
knowledge:gif动画,gif动画,关键词,知识,0
knowledge:牙膏产品,牙膏产品,关键词,知识,0
knowledge:饮料广告,饮料广告,关键词,知识,0
knowledge:摄影,摄影,关键词,知识,0
knowledge:景区VR,景区VR,关键词,知识,0
knowledge:楼梯,楼梯,关键词,知识,0
knowledge:伴手礼,伴手礼,关键词,知识,0
knowledge:3D,3D,关键词,知识,0
knowledge:VR视频,VR视频,关键词,知识,0
knowledge:口红,口红,关键词,知识,0
knowledge:美术教育,美术教育,关键词,知识,0
knowledge:培训机构,培训机构,关键词,知识,0
knowledge:反恐,反恐,关键词,知识,0
knowledge:创意,创意,关键词,知识,0
knowledge:墨镜,墨镜,关键词,知识,0
knowledge:鲜花短视频,鲜花短视频,关键词,知识,0
knowledge:保温杯,保温杯,关键词,知识,0
knowledge:孝顺,孝顺,关键词,知识,0
knowledge:小说剪辑,小说剪辑,关键词,知识,0
knowledge:服务,服务,关键词,知识,0
knowledge:农场发展,农场发展,关键词,知识,0
knowledge:灯光秀,灯光秀,关键词,知识,0
knowledge:VR制作,VR制作,关键词,知识,0
knowledge:精品游戏,精品游戏,关键词,知识,0
knowledge:安卓,安卓,关键词,知识,0
knowledge:iOS,iOS,关键词,知识,0
knowledge:网站改版,网站改版,关键词,知识,0
knowledge:快闪视频,快闪视频,关键词,知识,0
knowledge:姚记,姚记,关键词,知识,0
knowledge:小游戏开发,小游戏开发,关键词,知识,0
knowledge:酒类,酒类,关键词,知识,0
knowledge:女装短视频,女装短视频,关键词,知识,0
knowledge:台灯,台灯,关键词,知识,0
knowledge:落地灯,落地灯,关键词,知识,0
knowledge:美食短视频,美食短视频,关键词,知识,0
knowledge:视频平台,视频平台,关键词,知识,0
knowledge:认证视频,认证视频,关键词,知识,0
knowledge:医学动画,医学动画,关键词,知识,0
knowledge:知识短视频,知识短视频,关键词,知识,0
knowledge:后期剪辑,后期剪辑,关键词,知识,0
knowledge:团队制作,团队制作,关键词,知识,0
knowledge:企业介绍,企业介绍,关键词,知识,0
knowledge:旅游业,旅游业,关键词,知识,0
knowledge:创业,创业,关键词,知识,0
knowledge:脱口秀,脱口秀,关键词,知识,0
knowledge:粽子,粽子,关键词,知识,0
knowledge:饼干,饼干,关键词,知识,0
knowledge:雨衣,雨衣,关键词,知识,0
knowledge:防窥膜,防窥膜,关键词,知识,0
knowledge:酸枣仁糕,酸枣仁糕,关键词,知识,0
knowledge:建筑二维动画,建筑二维动画,关键词,知识,0
knowledge:产品二维动画,产品二维动画,关键词,知识,0
knowledge:洗护用品,洗护用品,关键词,知识,0
knowledge:男装品牌,男装品牌,关键词,知识,0
knowledge:护照,护照,关键词,知识,0
knowledge:ps修图,ps修图,关键词,知识,0
knowledge:女鞋,女鞋,关键词,知识,0
knowledge:广告摄影,广告摄影,关键词,知识,0
knowledge:造纸产品,造纸产品,关键词,知识,0
knowledge:农业玉米,农业玉米,关键词,知识,0
knowledge:健康,健康,关键词,知识,0
knowledge:颜料,颜料,关键词,知识,0
knowledge:肥皂,肥皂,关键词,知识,0
knowledge:豆浆机,豆浆机,关键词,知识,0
knowledge:平台代运营,平台代运营,关键词,知识,0
knowledge:电视剧剪辑,电视剧剪辑,关键词,知识,0
knowledge:剪辑服务,剪辑服务,关键词,知识,0
knowledge:花瓷古董,花瓷古董,关键词,知识,0
knowledge:汽车企业,汽车企业,关键词,知识,0
knowledge:AR技术,AR技术,关键词,知识,0
knowledge:旅游鲜花,旅游鲜花,关键词,知识,0
knowledge:3d视频,3d视频,关键词,知识,0
knowledge:文案撰写,文案撰写,关键词,知识,0
knowledge:文学创作,文学创作,关键词,知识,0
knowledge:品牌文案,品牌文案,关键词,知识,0
knowledge:活动策划,活动策划,关键词,知识,0
knowledge:广告语,广告语,关键词,知识,0
knowledge:朋友圈文案,朋友圈文案,关键词,知识,0
knowledge:创业商业计划书,创业商业计划书,关键词,知识,0
knowledge:融资策划书,融资策划书,关键词,知识,0
knowledge:招商项目,招商项目,关键词,知识,0
knowledge:可行性研究报告,可行性研究报告,关键词,知识,0
knowledge:代写作,代写作,关键词,知识,0
knowledge:AI百晓生,AI百晓生,关键词,知识,0
knowledge:需求开发,需求开发,关键词,知识,0
knowledge:攀岩墙产品,攀岩墙产品,关键词,知识,0
knowledge:旅游小程序,旅游小程序,关键词,知识,0
knowledge:简单动画,简单动画,关键词,知识,0
knowledge:品牌概念,品牌概念,关键词,知识,0
knowledge:童装,童装,关键词,知识,0
knowledge:3d室内效果图,3d室内效果图,关键词,知识,0
knowledge:红枣,红枣,关键词,知识,0
knowledge:气垫产品,气垫产品,关键词,知识,0
knowledge:ps装修设计,ps装修设计,关键词,知识,0
knowledge:美食创意,美食创意,关键词,知识,0
knowledge:牙齿专题片,牙齿专题片,关键词,知识,0
knowledge:饮品,饮品,关键词,知识,0
knowledge:tvc广告,tvc广告,关键词,知识,0
knowledge:高端定制,高端定制,关键词,知识,0
knowledge:商标注册,商标注册,关键词,知识,0
knowledge:教育图标,教育图标,关键词,知识,0
knowledge:美发视频剪辑,美发视频剪辑,关键词,知识,0
knowledge:视频混剪,视频混剪,关键词,知识,0
knowledge:烤鸭蛋,烤鸭蛋,关键词,知识,0
knowledge:黄瓜创意,黄瓜创意,关键词,知识,0
knowledge:玩具3d效果图,玩具3d效果图,关键词,知识,0
knowledge:水果麦片,水果麦片,关键词,知识,0
knowledge:人物写真,人物写真,关键词,知识,0
knowledge:风扇旋转,风扇旋转,关键词,知识,0
knowledge:燃气公司,燃气公司,关键词,知识,0
knowledge:医院仿站,医院仿站,关键词,知识,0
knowledge:会员功能,会员功能,关键词,知识,0
knowledge:朋友圈,朋友圈,关键词,知识,0
knowledge:视频号,视频号,关键词,知识,0
knowledge:室内智能生态系统,室内智能生态系统,关键词,知识,0
knowledge:装修公司,装修公司,关键词,知识,0
knowledge:加粉视频,加粉视频,关键词,知识,0
knowledge:零食短视频,零食短视频,关键词,知识,0
knowledge:点赞视频,点赞视频,关键词,知识,0
knowledge:蒸汽眼罩,蒸汽眼罩,关键词,知识,0
knowledge:种树游戏,种树游戏,关键词,知识,0
knowledge:风油精,风油精,关键词,知识,0
knowledge:淘宝积木,淘宝积木,关键词,知识,0
knowledge:银耳,银耳,关键词,知识,0
knowledge:燕窝,燕窝,关键词,知识,0
knowledge:动物写真,动物写真,关键词,知识,0
knowledge:美瞳,美瞳,关键词,知识,0
knowledge:提档升级,提档升级,关键词,知识,0
knowledge:商务杂志,商务杂志,关键词,知识,0
knowledge:工厂ERP,工厂ERP,关键词,知识,0
knowledge:生产管理,生产管理,关键词,知识,0
knowledge:系统,系统,关键词,知识,0
knowledge:奶茶商标,奶茶商标,关键词,知识,0
knowledge:海博接口,海博接口,关键词,知识,0
knowledge:自有商城,自有商城,关键词,知识,0
knowledge:小程序接口,小程序接口,关键词,知识,0
knowledge:企业季度指标,企业季度指标,关键词,知识,0
knowledge:汇报材料,汇报材料,关键词,知识,0
knowledge:宣传画册,宣传画册,关键词,知识,0
knowledge:android app,android app,关键词,知识,0
knowledge:APP定制,APP定制,关键词,知识,0
knowledge:水墨动画,水墨动画,关键词,知识,0
knowledge:科普动画,科普动画,关键词,知识,0
knowledge:餐饮短视频,餐饮短视频,关键词,知识,0
knowledge:美妆段子,美妆段子,关键词,知识,0
knowledge:美食类短视频,美食类短视频,关键词,知识,0
knowledge:平台认证视频,平台认证视频,关键词,知识,0
knowledge:男士冰丝裤子,男士冰丝裤子,关键词,知识,0
knowledge:3d客厅,3d客厅,关键词,知识,0
knowledge:ps,ps,关键词,知识,0
knowledge:翡翠修图,翡翠修图,关键词,知识,0
knowledge:红薯直播,红薯直播,关键词,知识,0
knowledge:卖货,卖货,关键词,知识,0
knowledge:洗衣液,洗衣液,关键词,知识,0
knowledge:牛肉干,牛肉干,关键词,知识,0
knowledge:创意短视频,创意短视频,关键词,知识,0
knowledge:励志校园,励志校园,关键词,知识,0
knowledge:跑步,跑步,关键词,知识,0
knowledge:老年服装,老年服装,关键词,知识,0
knowledge:动画头像,动画头像,关键词,知识,0
knowledge:宣传视频,宣传视频,关键词,知识,0
knowledge:3d背景墙,3d背景墙,关键词,知识,0
knowledge:装修效果图,装修效果图,关键词,知识,0
knowledge:防晒喷雾,防晒喷雾,关键词,知识,0
knowledge:七分裤,七分裤,关键词,知识,0
knowledge:烟台大樱桃,烟台大樱桃,关键词,知识,0
knowledge:科技公司,科技公司,关键词,知识,0
knowledge:洗洁精,洗洁精,关键词,知识,0
knowledge:蚕豆,蚕豆,关键词,知识,0
knowledge:施工三维动画,施工三维动画,关键词,知识,0
knowledge:地产三维动画,地产三维动画,关键词,知识,0
knowledge:炸鸡,炸鸡,关键词,知识,0
knowledge:书籍装帧,书籍装帧,关键词,知识,0
knowledge:配色方案,配色方案,关键词,知识,0
knowledge:例子参考,例子参考,关键词,知识,0
knowledge:基础VI,基础VI,关键词,知识,0
knowledge:三期改造,三期改造,关键词,知识,0
knowledge:美团外卖,美团外卖,关键词,知识,0
knowledge:信息采集,信息采集,关键词,知识,0
knowledge:脚本开发,脚本开发,关键词,知识,0
knowledge:系统开发,系统开发,关键词,知识,0
knowledge:积分系统,积分系统,关键词,知识,0
knowledge:粗粮薄饼,粗粮薄饼,关键词,知识,0
knowledge:网站制作,网站制作,关键词,知识,0
knowledge:宣传物料,宣传物料,关键词,知识,0
knowledge:海带丝,海带丝,关键词,知识,0
knowledge:账号策划,账号策划,关键词,知识,0
knowledge:建材视频,建材视频,关键词,知识,0
knowledge:螺蛳粉,螺蛳粉,关键词,知识,0
knowledge:南瓜直播,南瓜直播,关键词,知识,0
knowledge:臭豆腐,臭豆腐,关键词,知识,0
knowledge:公司宣传片,公司宣传片,关键词,知识,0
knowledge:燕麦片,燕麦片,关键词,知识,0
knowledge:电子体温表,电子体温表,关键词,知识,0
knowledge:洗脸巾,洗脸巾,关键词,知识,0
knowledge:监控安装,监控安装,关键词,知识,0
knowledge:儿童网眼跑鞋,儿童网眼跑鞋,关键词,知识,0
knowledge:食品品牌,食品品牌,关键词,知识,0
knowledge:长图设计,长图设计,关键词,知识,0
knowledge:修改,修改,关键词,知识,0
knowledge:模板站,模板站,关键词,知识,0
knowledge:仿站,仿站,关键词,知识,0
knowledge:响应式网站,响应式网站,关键词,知识,0
knowledge:HTML5页面,HTML5页面,关键词,知识,0
knowledge:库存数据,库存数据,关键词,知识,0
knowledge:监控,监控,关键词,知识,0
knowledge:大商创,大商创,关键词,知识,0
knowledge:X商城,X商城,关键词,知识,0
knowledge:数字展厅,数字展厅,关键词,知识,0
knowledge:VR系统,VR系统,关键词,知识,0
knowledge:展厅设计,展厅设计,关键词,知识,0
knowledge:医用缝合针,医用缝合针,关键词,知识,0
knowledge:睡衣,睡衣,关键词,知识,0
knowledge:冰淇淋粉,冰淇淋粉,关键词,知识,0
knowledge:枇杷膏,枇杷膏,关键词,知识,0
knowledge:插座,插座,关键词,知识,0
knowledge:鱼罐头,鱼罐头,关键词,知识,0
knowledge:大红袍,大红袍,关键词,知识,0
knowledge:空调清洗,空调清洗,关键词,知识,0
knowledge:别墅3d效果图,别墅3d效果图,关键词,知识,0
knowledge:PC页面,PC页面,关键词,知识,0
knowledge:会员页面,会员页面,关键词,知识,0
knowledge:优化设计,优化设计,关键词,知识,0
knowledge:一键同步,一键同步,关键词,知识,0
knowledge:整店复制,整店复制,关键词,知识,0
knowledge:英朗小程序,英朗小程序,关键词,知识,0
knowledge:首页修改,首页修改,关键词,知识,0
knowledge:小程序设计,小程序设计,关键词,知识,0
knowledge:积分兑换,积分兑换,关键词,知识,0
knowledge:安卓APP,安卓APP,关键词,知识,0
knowledge:鸡精,鸡精,关键词,知识,0
knowledge:儿童故事书,儿童故事书,关键词,知识,0
knowledge:枣糕,枣糕,关键词,知识,0
knowledge:圆盘锯,圆盘锯,关键词,知识,0
knowledge:奶糖,奶糖,关键词,知识,0
knowledge:农家腊肉,农家腊肉,关键词,知识,0
knowledge:煲仔饭,煲仔饭,关键词,知识,0
knowledge:木材剥皮机,木材剥皮机,关键词,知识,0
knowledge:记录,记录,关键词,知识,0
knowledge:背刀车床,背刀车床,关键词,知识,0
knowledge:花茶,花茶,关键词,知识,0
knowledge:政务宣传片,政务宣传片,关键词,知识,0
knowledge:风险任务变更,风险任务变更,关键词,知识,0
knowledge:请假申请,请假申请,关键词,知识,0
knowledge:岗位调整,岗位调整,关键词,知识,0
knowledge:功能二开,功能二开,关键词,知识,0
knowledge:好视通对接,好视通对接,关键词,知识,0
knowledge:牛角梳,牛角梳,关键词,知识,0
knowledge:电蚊拍,电蚊拍,关键词,知识,0
knowledge:鸡爪,鸡爪,关键词,知识,0
knowledge:沐浴露包装,沐浴露包装,关键词,知识,0
knowledge:三维工程动画,三维工程动画,关键词,知识,0
knowledge:蛋糕视频,蛋糕视频,关键词,知识,0
knowledge:H5页面,H5页面,关键词,知识,0
knowledge:金丝皇菊,金丝皇菊,关键词,知识,0
knowledge:刺梨标签,刺梨标签,关键词,知识,0
knowledge:装饰,装饰,关键词,知识,0
knowledge:易语言,易语言,关键词,知识,0
knowledge:爬虫开发,爬虫开发,关键词,知识,0
knowledge:py爬虫,py爬虫,关键词,知识,0
knowledge:姜粉,姜粉,关键词,知识,0
knowledge:标贴,标贴,关键词,知识,0
knowledge:水果店,水果店,关键词,知识,0
knowledge:供应链系统,供应链系统,关键词,知识,0
knowledge:H5开发,H5开发,关键词,知识,0
knowledge:体脂秤,体脂秤,关键词,知识,0
knowledge:非转基因菜籽油,非转基因菜籽油,关键词,知识,0
knowledge:tvc广告片,tvc广告片,关键词,知识,0
knowledge:豆干,豆干,关键词,知识,0
knowledge:跑步机,跑步机,关键词,知识,0
knowledge:狗动画,狗动画,关键词,知识,0
knowledge:豆浆粉,豆浆粉,关键词,知识,0
knowledge:网络弱电,网络弱电,关键词,知识,0
knowledge:2023年6月刊,2023年6月刊,关键词,知识,0
knowledge:蒲公英,蒲公英,关键词,知识,0
knowledge:菊花,菊花,关键词,知识,0
knowledge:决明子,决明子,关键词,知识,0
knowledge:茶标签,茶标签,关键词,知识,0
knowledge:UI原型图,UI原型图,关键词,知识,0
knowledge:欧邑达,欧邑达,关键词,知识,0
knowledge:莲子心,莲子心,关键词,知识,0
knowledge:标签设计,标签设计,关键词,知识,0
knowledge:全球嘉年华,全球嘉年华,关键词,知识,0
knowledge:软件支撑服务,软件支撑服务,关键词,知识,0
knowledge:7月,7月,关键词,知识,0
knowledge:社群电商,社群电商,关键词,知识,0
knowledge:网站UI设计,网站UI设计,关键词,知识,0
knowledge:手机端UI设计,手机端UI设计,关键词,知识,0
knowledge:软件界面设计,软件界面设计,关键词,知识,0
knowledge:数据大屏设计,数据大屏设计,关键词,知识,0
knowledge:QT开发,QT开发,关键词,知识,0
knowledge:H5网站,H5网站,关键词,知识,0
knowledge:公众号,公众号,关键词,知识,0
knowledge:图片上传,图片上传,关键词,知识,0
knowledge:即时通讯,即时通讯,关键词,知识,0
knowledge:部署,部署,关键词,知识,0
knowledge:项目尾款,项目尾款,关键词,知识,0
knowledge:支付,支付,关键词,知识,0
knowledge:物联网,物联网,关键词,知识,0
knowledge:醋创意,醋创意,关键词,知识,0
knowledge:双肩包,双肩包,关键词,知识,0
knowledge:哑铃,哑铃,关键词,知识,0
knowledge:活动斜板,活动斜板,关键词,知识,0
knowledge:油烟机清洗剂,油烟机清洗剂,关键词,知识,0
knowledge:羊蹄,羊蹄,关键词,知识,0
knowledge:酸菜鱼,酸菜鱼,关键词,知识,0
knowledge:冰淇淋专题片,冰淇淋专题片,关键词,知识,0
knowledge:期刊排版,期刊排版,关键词,知识,0
knowledge:注入,注入,关键词,知识,0
knowledge:原创设计,原创设计,关键词,知识,0
knowledge:天地盖礼盒,天地盖礼盒,关键词,知识,0
knowledge:接收,接收,关键词,知识,0
knowledge:胰岛果瓶贴,胰岛果瓶贴,关键词,知识,0
knowledge:售货柜对接,售货柜对接,关键词,知识,0
knowledge:页面修改,页面修改,关键词,知识,0
knowledge:2023年7月刊,2023年7月刊,关键词,知识,0
knowledge:API代理,API代理,关键词,知识,0
knowledge:程序开发,程序开发,关键词,知识,0
knowledge:有氧舞蹈,有氧舞蹈,关键词,知识,0
knowledge:鸭爪,鸭爪,关键词,知识,0
knowledge:公园,公园,关键词,知识,0
knowledge:3D效果图,3D效果图,关键词,知识,0
knowledge:化妆专题片,化妆专题片,关键词,知识,0
knowledge:青团,青团,关键词,知识,0
knowledge:电饭锅,电饭锅,关键词,知识,0
knowledge:TVC,TVC,关键词,知识,0
knowledge:清洁剂,清洁剂,关键词,知识,0
knowledge:公司产品,公司产品,关键词,知识,0
knowledge:推广方案,推广方案,关键词,知识,0
knowledge:产品宣传页,产品宣传页,关键词,知识,0
knowledge:VR一体机,VR一体机,关键词,知识,0
knowledge:眼镜收纳包,眼镜收纳包,关键词,知识,0
knowledge:Winform,Winform,关键词,知识,0
knowledge:普通版,普通版,关键词,知识,0
knowledge:医疗行业,医疗行业,关键词,知识,0
knowledge:品牌logo,品牌logo,关键词,知识,0
knowledge:Vi设计,Vi设计,关键词,知识,0
knowledge:安全头盔,安全头盔,关键词,知识,0
knowledge:品牌VIS设计,品牌VIS设计,关键词,知识,0
knowledge:品牌VI诊断,品牌VI诊断,关键词,知识,0
knowledge:门店消费券,门店消费券,关键词,知识,0
knowledge:平面设计,平面设计,关键词,知识,0
knowledge:雇主要求,雇主要求,关键词,知识,0
knowledge:游戏,游戏,关键词,知识,0
knowledge:手绘,手绘,关键词,知识,0
knowledge:社交app,社交app,关键词,知识,0
knowledge:电商定制,电商定制,关键词,知识,0
knowledge:php二次开发,php二次开发,关键词,知识,0
knowledge:去氯洗发,去氯洗发,关键词,知识,0
knowledge:瓶贴设计,瓶贴设计,关键词,知识,0
knowledge:nodejs,nodejs,关键词,知识,0
knowledge:接口封装,接口封装,关键词,知识,0
knowledge:企业定制开发,企业定制开发,关键词,知识,0
knowledge:企微接口,企微接口,关键词,知识,0
knowledge:ERP系统对接,ERP系统对接,关键词,知识,0
knowledge:晋江采集,晋江采集,关键词,知识,0
knowledge:美容行业,美容行业,关键词,知识,0
knowledge:tp6,tp6,关键词,知识,0
knowledge:uniapp,uniapp,关键词,知识,0
knowledge:vue3,vue3,关键词,知识,0
knowledge:商城插件,商城插件,关键词,知识,0
knowledge:恐龙皮肤,恐龙皮肤,关键词,知识,0
knowledge:平铺展开,平铺展开,关键词,知识,0
knowledge:设计版子,设计版子,关键词,知识,0
knowledge:视频后期,视频后期,关键词,知识,0
knowledge:居民积分,居民积分,关键词,知识,0
knowledge:管理系统,管理系统,关键词,知识,0
knowledge:商标品牌,商标品牌,关键词,知识,0
knowledge:英文字体,英文字体,关键词,知识,0
knowledge:餐饮LOGO,餐饮LOGO,关键词,知识,0
knowledge:体彩系列,体彩系列,关键词,知识,0
knowledge:APP软件,APP软件,关键词,知识,0
knowledge:立项建站,立项建站,关键词,知识,0
knowledge:快递驿站,快递驿站,关键词,知识,0
knowledge:冲浪设备,冲浪设备,关键词,知识,0
knowledge:观作酒研所,观作酒研所,关键词,知识,0
knowledge:麦当劳,麦当劳,关键词,知识,0
knowledge:半自动下单,半自动下单,关键词,知识,0
knowledge:php小程序,php小程序,关键词,知识,0
knowledge:前后端开发,前后端开发,关键词,知识,0
knowledge:分布式架构,分布式架构,关键词,知识,0
knowledge:分布式代码,分布式代码,关键词,知识,0
knowledge:代码开发,代码开发,关键词,知识,0
knowledge:对接,对接,关键词,知识,0
knowledge:tp框架系统,tp框架系统,关键词,知识,0
knowledge:pc站点,pc站点,关键词,知识,0
knowledge:奥特曼,奥特曼,关键词,知识,0
knowledge:生日祝福,生日祝福,关键词,知识,0
knowledge:app注册,app注册,关键词,知识,0
knowledge:短信验证码,短信验证码,关键词,知识,0
knowledge:新人手机号,新人手机号,关键词,知识,0
knowledge:远程工作,远程工作,关键词,知识,0
knowledge:雇佣,雇佣,关键词,知识,0
knowledge:阿里巴巴,阿里巴巴,关键词,知识,0
knowledge:淘宝代运营,淘宝代运营,关键词,知识,0
knowledge:天猫代运营,天猫代运营,关键词,知识,0
knowledge:红柚礼盒,红柚礼盒,关键词,知识,0
knowledge:包装,包装,关键词,知识,0
knowledge:内袋,内袋,关键词,知识,0
knowledge:香蕉箱设计,香蕉箱设计,关键词,知识,0
knowledge:定制营销,定制营销,关键词,知识,0
knowledge:版式设计,版式设计,关键词,知识,0
knowledge:内容编排,内容编排,关键词,知识,0
knowledge:以太坊节点,以太坊节点,关键词,知识,0
knowledge:搭建,搭建,关键词,知识,0
knowledge:电梯公司,电梯公司,关键词,知识,0
knowledge:移动应用,移动应用,关键词,知识,0
knowledge:水果小程序,水果小程序,关键词,知识,0
knowledge:视频APP,视频APP,关键词,知识,0
knowledge:数字化市场研究,数字化市场研究,关键词,知识,0
knowledge:一站式服务平台,一站式服务平台,关键词,知识,0
knowledge:扒站,扒站,关键词,知识,0
knowledge:问卷,问卷,关键词,知识,0
knowledge:快速建站,快速建站,关键词,知识,0
knowledge:小程序源码,小程序源码,关键词,知识,0
knowledge:工业设计,工业设计,关键词,知识,0
knowledge:美团商家信息,美团商家信息,关键词,知识,0
knowledge:爬取,爬取,关键词,知识,0
knowledge:小程序商店,小程序商店,关键词,知识,0
knowledge:淘宝下单软件,淘宝下单软件,关键词,知识,0
knowledge:定制开发,定制开发,关键词,知识,0
knowledge:纸杯,纸杯,关键词,知识,0
knowledge:儿童相机,儿童相机,关键词,知识,0
knowledge:开关机画面,开关机画面,关键词,知识,0
knowledge:功能图标,功能图标,关键词,知识,0
knowledge:背景图,背景图,关键词,知识,0
knowledge:产品外观,产品外观,关键词,知识,0
knowledge:项目款支付,项目款支付,关键词,知识,0
knowledge:系统维护,系统维护,关键词,知识,0
knowledge:公司logo,公司logo,关键词,知识,0
knowledge:接口对接,接口对接,关键词,知识,0
knowledge:测试,测试,关键词,知识,0
knowledge:广点通,广点通,关键词,知识,0
knowledge:智能家居,智能家居,关键词,知识,0
knowledge:更改,更改,关键词,知识,0
knowledge:灯谜,灯谜,关键词,知识,0
knowledge:产品画册,产品画册,关键词,知识,0
knowledge:党群活动,党群活动,关键词,知识,0
knowledge:标识设计,标识设计,关键词,知识,0
knowledge:继续开发,继续开发,关键词,知识,0
knowledge:qt功能,qt功能,关键词,知识,0
knowledge:筛选,筛选,关键词,知识,0
knowledge:生鲜店,生鲜店,关键词,知识,0
knowledge:Shopro商城,Shopro商城,关键词,知识,0
knowledge:系列宣传品,系列宣传品,关键词,知识,0
knowledge:烘培店,烘培店,关键词,知识,0
knowledge:手办,手办,关键词,知识,0
knowledge:盲盒,盲盒,关键词,知识,0
knowledge:门头设计,门头设计,关键词,知识,0
knowledge:餐饮外卖,餐饮外卖,关键词,知识,0
knowledge:html网站数据,html网站数据,关键词,知识,0
knowledge:数据获取,数据获取,关键词,知识,0
knowledge:手机端页面,手机端页面,关键词,知识,0
knowledge:青训品牌,青训品牌,关键词,知识,0
knowledge:微信公众号,微信公众号,关键词,知识,0
knowledge:图片链接,图片链接,关键词,知识,0
knowledge:替换,替换,关键词,知识,0
knowledge:手办设计,手办设计,关键词,知识,0
knowledge:3D模型,3D模型,关键词,知识,0
knowledge:厦门小吃,厦门小吃,关键词,知识,0
knowledge:JAVA系统,JAVA系统,关键词,知识,0
knowledge:系统访问,系统访问,关键词,知识,0
knowledge:app测试,app测试,关键词,知识,0
knowledge:qt开发,qt开发,关键词,知识,0
knowledge:安卓 app,安卓 app,关键词,知识,0
knowledge:品牌视觉,品牌视觉,关键词,知识,0
knowledge:IM定制开发,IM定制开发,关键词,知识,0
knowledge:模板建站,模板建站,关键词,知识,0
knowledge:地方特色食品,地方特色食品,关键词,知识,0
knowledge:创新品牌,创新品牌,关键词,知识,0
knowledge:矿泉水,矿泉水,关键词,知识,0
knowledge:车身海报,车身海报,关键词,知识,0
knowledge:虚拟发货,虚拟发货,关键词,知识,0
knowledge:网站项目,网站项目,关键词,知识,0
knowledge:项目沟通,项目沟通,关键词,知识,0
knowledge:维护费用,维护费用,关键词,知识,0
knowledge:音频调试,音频调试,关键词,知识,0
knowledge:模板开发,模板开发,关键词,知识,0
knowledge:小火苗,小火苗,关键词,知识,0
knowledge:动画效果,动画效果,关键词,知识,0
knowledge:需求变更,需求变更,关键词,知识,0
knowledge:金吉睿厨具店,金吉睿厨具店,关键词,知识,0
knowledge:建站项目,建站项目,关键词,知识,0
knowledge:预制菜,预制菜,关键词,知识,0
knowledge:娱乐游戏,娱乐游戏,关键词,知识,0
knowledge:修改搭建,修改搭建,关键词,知识,0
knowledge:ERP系统,ERP系统,关键词,知识,0
knowledge:PHP商城,PHP商城,关键词,知识,0
knowledge:前端页面,前端页面,关键词,知识,0
knowledge:页面开发,页面开发,关键词,知识,0
knowledge:视频上传,视频上传,关键词,知识,0
knowledge:管理,管理,关键词,知识,0
knowledge:共享软件,共享软件,关键词,知识,0
knowledge:h5页面,h5页面,关键词,知识,0
knowledge:上海进出口公司,上海进出口公司,关键词,知识,0
knowledge:可利滋公司,可利滋公司,关键词,知识,0
knowledge:巴山交友,巴山交友,关键词,知识,0
knowledge:二开建设,二开建设,关键词,知识,0
knowledge:儿童包装盒,儿童包装盒,关键词,知识,0
knowledge:新媒体监测,新媒体监测,关键词,知识,0
knowledge:脚本维护,脚本维护,关键词,知识,0
knowledge:午睡枕,午睡枕,关键词,知识,0
knowledge:电商详情页设计,电商详情页设计,关键词,知识,0
knowledge:企业DM,企业DM,关键词,知识,0
knowledge:三折页,三折页,关键词,知识,0
knowledge:手提袋,手提袋,关键词,知识,0
knowledge:海报,海报,关键词,知识,0
knowledge:菜单,菜单,关键词,知识,0
knowledge:荔林食府,荔林食府,关键词,知识,0
knowledge:预订台,预订台,关键词,知识,0
knowledge:哔哩哔哩,哔哩哔哩,关键词,知识,0
knowledge:直播协议,直播协议,关键词,知识,0
knowledge:风梳套装,风梳套装,关键词,知识,0
knowledge:同城平台,同城平台,关键词,知识,0
knowledge:二手车,二手车,关键词,知识,0
knowledge:二开,二开,关键词,知识,0
knowledge:快递柜,快递柜,关键词,知识,0
knowledge:app前端,app前端,关键词,知识,0
knowledge:11月,11月,关键词,知识,0
knowledge:微信商城,微信商城,关键词,知识,0
knowledge:网站样式,网站样式,关键词,知识,0
knowledge:赣州酷软科技,赣州酷软科技,关键词,知识,0
knowledge:自动化软件开发,自动化软件开发,关键词,知识,0
knowledge:第一期,第一期,关键词,知识,0
knowledge:便民管理端,便民管理端,关键词,知识,0
knowledge:后台页面,后台页面,关键词,知识,0
knowledge:报工,报工,关键词,知识,0
knowledge:YCBM,YCBM,关键词,知识,0
knowledge:php项目,php项目,关键词,知识,0
knowledge:直播app功能修改,直播app功能修改,关键词,知识,0
knowledge:安卓上架协助,安卓上架协助,关键词,知识,0
knowledge:长沙市开福区,长沙市开福区,关键词,知识,0
knowledge:vi手册设计,vi手册设计,关键词,知识,0
knowledge:景区门票,景区门票,关键词,知识,0
knowledge:景区观光车,景区观光车,关键词,知识,0
knowledge:仿制,仿制,关键词,知识,0
knowledge:详康地皇,详康地皇,关键词,知识,0
knowledge:江苏睿然科技有限公司,江苏睿然科技有限公司,关键词,知识,0
knowledge:APP二开,APP二开,关键词,知识,0
knowledge:付费资源,付费资源,关键词,知识,0
knowledge:辛集市卓凯百货商行,辛集市卓凯百货商行,关键词,知识,0
knowledge:订单信息,订单信息,关键词,知识,0
knowledge:采集,采集,关键词,知识,0
knowledge:企业logo,企业logo,关键词,知识,0
knowledge:婚恋系统,婚恋系统,关键词,知识,0
knowledge:php开发,php开发,关键词,知识,0
knowledge:数据大屏,数据大屏,关键词,知识,0
knowledge:H5,H5,关键词,知识,0
knowledge:电脑端,电脑端,关键词,知识,0
knowledge:移动端,移动端,关键词,知识,0
knowledge:Daume阀门,Daume阀门,关键词,知识,0
knowledge:网站建设,网站建设,关键词,知识,0
knowledge:美国橱柜,美国橱柜,关键词,知识,0
knowledge:汽车配件,汽车配件,关键词,知识,0
knowledge:商城网站,商城网站,关键词,知识,0
knowledge:项目,项目,关键词,知识,0
knowledge:景区预订,景区预订,关键词,知识,0
knowledge:摩托车配件,摩托车配件,关键词,知识,0
knowledge:商城,商城,关键词,知识,0
knowledge:项目款项支付,项目款项支付,关键词,知识,0
knowledge:AI主体,AI主体,关键词,知识,0
knowledge:动作设计,动作设计,关键词,知识,0
knowledge:宣传单页设计,宣传单页设计,关键词,知识,0
knowledge:名片设计,名片设计,关键词,知识,0
knowledge:车载设备,车载设备,关键词,知识,0
knowledge:GPS数据,GPS数据,关键词,知识,0
knowledge:视频文件,视频文件,关键词,知识,0
knowledge:服务器推送,服务器推送,关键词,知识,0
knowledge:糖果派对,糖果派对,关键词,知识,0
knowledge:数据抓取,数据抓取,关键词,知识,0
knowledge:商务期刊,商务期刊,关键词,知识,0
knowledge:共享应用,共享应用,关键词,知识,0
knowledge:年终费用,年终费用,关键词,知识,0
knowledge:基础费用,基础费用,关键词,知识,0
knowledge:冷权威商城,冷权威商城,关键词,知识,0
knowledge:样机网站,样机网站,关键词,知识,0
knowledge:掌上科技,掌上科技,关键词,知识,0
knowledge:科技项目,科技项目,关键词,知识,0
knowledge:APL修改,APL修改,关键词,知识,0
knowledge:丽彩颜料,丽彩颜料,关键词,知识,0
knowledge:冒险者营地,冒险者营地,关键词,知识,0
knowledge:脐橙,脐橙,关键词,知识,0
knowledge:礼品箱,礼品箱,关键词,知识,0
knowledge:首饰设计,首饰设计,关键词,知识,0
knowledge:Shopify,Shopify,关键词,知识,0
knowledge:沟通,沟通,关键词,知识,0
knowledge:易烊千玺,易烊千玺,关键词,知识,0
knowledge:工程管理,工程管理,关键词,知识,0
knowledge:软件筛选,软件筛选,关键词,知识,0
knowledge:app修改,app修改,关键词,知识,0
knowledge:上海电力大学,上海电力大学,关键词,知识,0
knowledge:手机端网页,手机端网页,关键词,知识,0
knowledge:深圳市,深圳市,关键词,知识,0
knowledge:贸易网站,贸易网站,关键词,知识,0
knowledge:宣传册设计,宣传册设计,关键词,知识,0
knowledge:企业宣传,企业宣传,关键词,知识,0
knowledge:Html页面,Html页面,关键词,知识,0
knowledge:教堂网站,教堂网站,关键词,知识,0
knowledge:安卓应用,安卓应用,关键词,知识,0
knowledge:陕西景区,陕西景区,关键词,知识,0
knowledge:图片轮廓,图片轮廓,关键词,知识,0
knowledge:矢量图,矢量图,关键词,知识,0
knowledge:dxf,dxf,关键词,知识,0
knowledge:plt,plt,关键词,知识,0
knowledge:职业人才测评,职业人才测评,关键词,知识,0
knowledge:北京中心,北京中心,关键词,知识,0
knowledge:建材价格,建材价格,关键词,知识,0
knowledge:查询站,查询站,关键词,知识,0
knowledge:ERUDITE EPOCH PRESS INC,ERUDITE EPOCH PRESS INC,关键词,知识,0
knowledge:高级wws协议,高级wws协议,关键词,知识,0
knowledge:UI制作,UI制作,关键词,知识,0
knowledge:医疗陪护,医疗陪护,关键词,知识,0
knowledge:陪护服务,陪护服务,关键词,知识,0
knowledge:桑姜茶,桑姜茶,关键词,知识,0
knowledge:软件UI,软件UI,关键词,知识,0
knowledge:中期款项,中期款项,关键词,知识,0
