标题,browser,字段1,价格,status
【英语】中文新闻稿件翻译成英文,208人,1人,¥357,圆满完成
【人力资源】公司岗位名称、头衔优化方案,283人,1人,¥100,圆满完成
【英语】视频脚本中文内容翻译成英文,269人,1人,¥220,圆满完成
【网络接单】APP反编译,313人,1人,¥1000,圆满完成
【旅游服务】微信小程序测试验证,958人,1人,¥100,圆满完成
【英语】中文资料翻译为英文,910人,1人,¥460,圆满完成
【旅游服务】小程序测试验证,531人,1人,¥100,圆满完成
【旅游服务】Sas兰花变异基因重组序列模型测试验证,426人,1人,¥4910,圆满完成
【旅游服务】Java虚拟机优化机制验证测试,367人,1人,¥3900,圆满完成
【旅游服务】Sas人流量模型2测试,278人,1人,¥1998,圆满完成
【旅游服务】Sas人流量预测模型验证测试,284人,1人,¥3998,圆满完成
【英语】紧急，翻译一篇英语故事,2016人,1人,¥8000,圆满完成
【日语】翻译一篇文献,1917人,1人,¥26500,圆满完成
【咨询服务】微信小程序制作，服务,768人,1人,¥1000,圆满完成
【英语】翻译儿童绘本,1185人,1人,¥29500,圆满完成
【英语】翻译一部科技文献,739人,1人,¥28000,圆满完成
【婚庆服务】安排一场婚礼庆典,651人,1人,¥29500,圆满完成
【英语】科技文献翻译,695人,1人,¥26500,圆满完成
【日语】将日语漫画翻译成中文,2001人,1人,¥23000,圆满完成
【网络接单】外卖平台代运营,1410人,1人,¥4000,圆满完成
【婚庆服务】安排婚礼,517人,1人,¥28000,圆满完成
【英语】翻译英语技术文档,536人,1人,¥25000,圆满完成
【英语】想把官网翻译成英文版,1337人,1人,¥350,圆满完成
【日语】技术文件的翻译,1025人,1人,¥16000,圆满完成
【口译】会议口译,766人,1人,¥49900,圆满完成
【口译】会议翻译,786人,1人,¥49800,圆满完成
【口译】会议翻译,604人,1人,¥49900,圆满完成
【口译】会议翻译,587人,1人,¥49000,圆满完成
【口译】会议翻译,642人,1人,¥49000,圆满完成
【口译】会议翻译,518人,1人,¥49800,圆满完成
,,,,
【口译】会议口译,626人,1人,¥49900,圆满完成
【口译】会议口译,418人,1人,¥49500,圆满完成
【口译】会议翻译口译,634人,1人,¥49800,圆满完成
【口译】会议翻译,407人,1人,¥49000,圆满完成
【口译】会议口译,285人,1人,¥49500,圆满完成
【口译】会议翻译,649人,1人,¥49800,圆满完成
【口译】会议口译,443人,1人,¥49800,圆满完成
【口译】会议翻译英文,446人,1人,¥49900,圆满完成
【英语】大型预制沉箱施工工艺翻译,599人,1人,¥6500,圆满完成
【口译】会议翻译,768人,1人,¥50000,圆满完成
【口译】会议翻译,377人,1人,¥49500,圆满完成
【口译】会议翻译口译,778人,1人,¥30000,圆满完成
【口译】会议翻译口译,412人,1人,¥49000,圆满完成
【口译】会议翻译,354人,1人,¥49800,圆满完成
【英语】翻译英文,1231人,1人,¥26000,圆满完成
【口译】医疗器械会议翻译,560人,1人,¥45000,圆满完成
【口译】会议翻译口译,555人,1人,¥49500,圆满完成
【口译】会议翻译,507人,1人,¥30000,圆满完成
【英语】翻译长期合作,720人,1人,¥9500,圆满完成
【口译】会议翻译同传,278人,1人,¥49600,圆满完成
【数据录入】文字录入,7452人,1人,¥690,圆满完成
【口译】会议翻译,350人,1人,¥36600,圆满完成
【口译】会议口译翻译航空领域,260人,1人,¥49500,圆满完成
【英语】医疗器械方向会议翻译,579人,1人,¥33500,圆满完成
【英语】翻译长期合作,695人,1人,¥17000,圆满完成
【口译】会议翻译，化工行业,626人,1人,¥48500,圆满完成
【英语】翻译一本英文书,1087人,1人,¥16000,圆满完成
【口译】会议翻译，航空方向,492人,1人,¥49500,圆满完成
【口译】会议翻译,351人,1人,¥47000,圆满完成
【招商加盟】招商加盟,999人,1人,¥19000,圆满完成
,,,,
【口译】商务洽谈翻译,533人,1人,¥48000,圆满完成
【英语】翻译长期合作,512人,1人,¥22000,圆满完成
【口译】会议洽谈翻译,404人,1人,¥48000,圆满完成
【口译】会议翻译,334人,1人,¥45000,圆满完成
【口译】商务会谈翻译,298人,1人,¥45000,圆满完成
【婚庆服务】设计一场浪漫的婚礼,704人,1人,¥17000,圆满完成
【口译】会议翻译,307人,1人,¥40000,圆满完成
【文化艺术服务】设计一款广告,795人,1人,¥6000,圆满完成
【口译】会议翻译,485人,1人,¥45000,圆满完成
【日语】翻译产品的说明书,1087人,1人,¥1500,圆满完成
【口译】口译翻译服务,509人,1人,¥32000,圆满完成
【口译】口译服务,311人,1人,¥41000,圆满完成
【口译】商业洽谈翻译,329人,1人,¥45000,圆满完成
【口译】高级口译,446人,1人,¥40000,圆满完成
【口译】英文翻译,427人,1人,¥35000,圆满完成
【口译】英文口译,288人,1人,¥25000,圆满完成
【英语】英文手册资料翻译,549人,1人,¥5000,圆满完成
【英语】资料翻译,628人,1人,¥20000,圆满完成
【口译】口译英文,1884人,1人,¥60000,圆满完成
【口译】英文口译,648人,1人,¥50000,圆满完成
【英语】英文资料翻译,3515人,1人,¥60000,圆满完成
【口译】会议翻译，化工英文,624人,1人,¥50000,圆满完成
【口译】会议翻译，化工英文口译,1039人,1人,¥60000,圆满完成
【口译】英文口译，化工方向,410人,1人,¥40000,圆满完成
【英语】会场翻译英文口译,689人,1人,¥50000,圆满完成
【口译】英文口译,336人,1人,¥40500,圆满完成
【口译】会议翻译英文,1183人,1人,¥60000,圆满完成
【口译】会议翻译,391人,1人,¥41000,圆满完成
【口译】英文口译,411人,1人,¥49000,圆满完成
【口译】英文口译,527人,1人,¥50000,圆满完成
,,,,
【英语】英文翻译，化工英语，口译,658人,1人,¥11000,圆满完成
【口译】会议翻译，化工英文，口译,291人,1人,¥18000,圆满完成
【口译】会议翻译，化工英语口译,559人,1人,¥50000,圆满完成
【口译】会议翻译化工英语,525人,1人,¥45000,圆满完成
【口译】化工英语会议口译,522人,1人,¥50000,圆满完成
【口译】会议翻译口译，化工方向,583人,1人,¥50000,圆满完成
【英语】翻译长期合作,803人,1人,¥28800,圆满完成
【英语】翻译长期合作,554人,1人,¥28600,圆满完成
【口译】会议英文翻译化工方向,485人,1人,¥40000,圆满完成
【英语】翻译长期合作,504人,1人,¥28300,圆满完成
【英语】翻译长期合作,481人,1人,¥27600,圆满完成
【英语】翻译长期合作,515人,1人,¥26500,圆满完成
【英语】翻译长期合作,514人,1人,¥27500,圆满完成
【英语】翻译长期合作,508人,1人,¥28500,圆满完成
【英语】翻译长期合作,489人,1人,¥28000,圆满完成
【英语】翻译长期合作,396人,1人,¥25500,圆满完成
【英语】会议翻译,1098人,1人,¥50400,圆满完成
【英语】会议翻译英语化工,448人,1人,¥25300,圆满完成
【英语】产品手册翻译,825人,1人,¥46300,圆满完成
【咨询服务】商务咨询服务,1372人,1人,¥48700,圆满完成
【咨询服务】项目咨询服务,1652人,1人,¥50000,圆满完成
【英语】会议翻译,504人,1人,¥42800,圆满完成
【英语】产品手册翻译,707人,1人,¥41400,圆满完成
【英语】手册翻译,549人,1人,¥40100,圆满完成
【英语】会议翻译1天,331人,1人,¥11059,圆满完成
【英语】会议翻译,216人,1人,¥7275,圆满完成
【英语】项目咨询,338人,1人,¥2700,圆满完成
【英语】产品手册翻译,302人,1人,¥500,圆满完成
【英语】翻译长期合作,300人,1人,¥38000,圆满完成
【英语】邮件翻译5封,467人,1人,¥2445,圆满完成
,,,,
【英语】翻译长期合作,431人,1人,¥39000,圆满完成
【英语】会议英文同声翻译1天,407人,1人,¥30000,圆满完成
【英语】翻译长期合作,377人,1人,¥38000,圆满完成
【英语】围填海造地及其管理制度研究,433人,1人,¥13000,圆满完成
【英语】翻译长期合作,552人,1人,¥38500,圆满完成
【英语】邮件翻译5封,578人,1人,¥2000,圆满完成
【英语】翻译产品说明书,573人,1人,¥27000,圆满完成
【英语】翻译长期合作,647人,1人,¥33500,圆满完成
【英语】资料翻译,257人,1人,¥1000,圆满完成
【英语】会议翻译，1天,261人,1人,¥10000,圆满完成
【英语】邮件翻译一封,553人,1人,¥250,圆满完成
【英语】翻译长期合作,270人,1人,¥27500,圆满完成
【英语】翻译长期合作,658人,1人,¥37500,圆满完成
【英语】翻译长期合作,337人,1人,¥38000,圆满完成
【英语】翻译长期合作,4218人,1人,¥76500,圆满完成
【英语】翻译长期合作,343人,1人,¥27400,圆满完成
【英语】沉管隧道施工工艺及抗震性性研究,393人,1人,¥20000,圆满完成
【英语】翻译长期合作,406人,1人,¥27200,圆满完成
【英语】翻译产品说明书,535人,1人,¥25000,圆满完成
【其他人才】京东服务类人才,2054人,1人,¥500,圆满完成
【英语】《岩土工程勘察规范》(gb50021-2017),3809人,1人,¥27000,圆满完成
【英语】单片机及神经网络基础讲义翻译,576人,1人,¥10000,圆满完成
【人力资源】商品网络推广,1452人,1人,¥38,圆满完成
【英语】翻译长期合作,361人,1人,¥22500,圆满完成
【英语】机械设计制造及其自动化专业英语翻译,861人,1人,¥5000,圆满完成
【英语】towards modern options of energy conservation,443人,1人,¥6850,圆满完成
【英语】船舶与海洋工程 文献翻译,540人,1人,¥15500,圆满完成
【英语】机械工程讲义及国标中译英,323人,1人,¥18000,圆满完成
【英语】方解石论文翻译中译英,616人,1人,¥2000,圆满完成
【英语】美国土木工程协会翻译,410人,1人,¥8850,圆满完成
,,,,
【英语】演讲稿翻译,986人,1人,¥400,圆满完成
【英语】土木工程英文翻译,586人,1人,¥16400,圆满完成
【英语】工程力学研究方面英文文献翻译,360人,1人,¥8850,圆满完成
【英语】工程地下水文章翻译,474人,1人,¥150,圆满完成
【英语】专业文章翻译,1003人,1人,¥10000,圆满完成
【网络接单】雇佣任务生活服务电脑,512人,1人,¥100,圆满完成
【代办/跑腿】ThinkPad X1 EXTREME 美国行货代购,1225人,1人,¥16880,圆满完成
【代办/跑腿】戴尔外星人电脑M15美国行货代购,1271人,1人,¥16650,圆满完成
【代办/跑腿】ThinkPad X1 extreme 美国行货代购,1580人,1人,¥13800,圆满完成
【英语】欧美铰链供应开发,808人,1人,¥25000,圆满完成
【英语】欧美橱柜切口处理方式,690人,1人,¥25800,圆满完成
【英语】两篇日文和英文翻译,787人,1人,¥16200,圆满完成
【英语】欧美主流品牌橱柜品牌柜体深度梳理,749人,1人,¥24600,圆满完成
【英语】英文学术论文翻译一篇,969人,1人,¥11500,圆满完成
【代办/跑腿】X1C代购,568人,1人,¥11500,圆满完成
【代办/跑腿】ThinkPad美国行货代购,681人,1人,¥12650,圆满完成
【英语】竞品防伪方式整理,359人,1人,¥24100,圆满完成
【网络接单】EXCEL数据整理,7167人,1人,¥400,圆满完成
【代办/跑腿】订购金银纪念币2种,838人,1人,¥9800,圆满完成
【英语】欧美主要竞品台上柜配套工艺文件翻译,370人,1人,¥27000,圆满完成
【网络接单】承接工作室员工健身指导（三期）,678人,1人,¥5122,圆满完成
【英语】水槽柜竞品资料统计,498人,1人,¥21500,圆满完成
【视频听译】录音,2487人,1人,¥1500,圆满完成
【教育培训】承接工作室员工健身指导（二期）,883人,1人,¥3572,圆满完成
【英语】英语翻译,1266人,1人,¥28000,圆满完成
【代办/跑腿】X1  carbon第六代代购,629人,1人,¥10900,圆满完成
【英语】英语翻译,1070人,1人,¥28650,圆满完成
【英语】欧美品牌橱柜模数梳理,440人,1人,¥23500,圆满完成
【英语】文件英语翻译,601人,1人,¥23000,圆满完成
【教育培训】承接工作室员工健身指导,1018人,1人,¥13652,圆满完成
,,,,
【英语】翻译,1023人,1人,¥22000,圆满完成
【英语】欧美主要品牌结构翻译,425人,1人,¥24000,圆满完成
【英语】帮忙翻译个文档,918人,1人,¥1000,圆满完成
【英语】文件翻译,536人,1人,¥23200,圆满完成
【英语】家居产品策划方案翻译,588人,1人,¥20000,圆满完成
【英语】竞品资料补充收集,463人,1人,¥15000,圆满完成
【英语】家具行业说明书和技术资料翻译,971人,1人,¥30000,圆满完成
【英语】竞品资料获取,3287人,1人,¥120000,圆满完成
【网络接单】小红书直发,2070人,1人,¥150,圆满完成
【网络接单】小红书直发,995人,1人,¥150,圆满完成
【网络接单】小红书直发,639人,1人,¥220,圆满完成
【网络接单】小红书笔记代发,2431人,1人,¥940,圆满完成
【英语】英国专家技术指导翻译（长期工作）,1504人,1人,¥60000,圆满完成
【英语】PDF 数据提取文献翻译,819人,1人,¥16100,圆满完成
【其他人才】企业诊断,2479人,1人,¥50000,圆满完成
【咨询服务】代理记账报税等服务,1693人,1人,¥19000,圆满完成
【咨询服务】公司记账报税,1399人,1人,¥23000,圆满完成
【咨询服务】代理记账报税等服务,1010人,1人,¥20000,圆满完成
【咨询服务】企业注册登记服务,977人,1人,¥20000,圆满完成
【咨询服务】代理记账报税等服务,1044人,1人,¥19900,圆满完成
【咨询服务】代理海关报税,786人,1人,¥20000,圆满完成
【咨询服务】企业注册登记服务,906人,1人,¥25000,圆满完成
【咨询服务】代理记账报税等服务,893人,1人,¥24900,圆满完成
【咨询服务】企业注册登记服务,829人,1人,¥19900,圆满完成
【咨询服务】企业注册登记服务,811人,1人,¥20000,圆满完成
【咨询服务】咨询服务办理,809人,1人,¥21000,圆满完成
【咨询服务】爱美尔注册业务代办,710人,1人,¥19000,圆满完成
【咨询服务】代理记账报税等服务,621人,1人,¥22450,圆满完成
【咨询服务】一季度税务审计,704人,1人,¥18900,圆满完成
【咨询服务】代理记账报税等服务,766人,1人,¥24800,圆满完成
,,,,
【其他人才】平铺静拍（花种）,1745人,1人,¥3000,圆满完成
【旅游服务】澳洲自由行,1871人,1人,¥20000,圆满完成
【旅游服务】休闲游,1775人,1人,¥19100,圆满完成
【旅游服务】印度旅游安排,847人,1人,¥21400,圆满完成
【旅游服务】奥地利捷克10日游行程设计及机酒包车,762人,1人,¥19500,圆满完成
【代办/跑腿】邮票代购，丁酉年邮票,963人,1人,¥3700,圆满完成
【旅游服务】旅游线路设计,1084人,1人,¥19600,圆满完成
【旅游服务】五一台湾行,1357人,1人,¥19900,圆满完成
【旅游服务】旅游线路设计,897人,1人,¥19900,圆满完成
【旅游服务】旅游服务制定,767人,1人,¥19900,圆满完成
【英语】翻译5篇研报并撰写行业发展总结,895人,1人,¥23000,圆满完成
【旅游服务】旅游线路设计,1034人,1人,¥21400,圆满完成
【旅游服务】清明土耳其之旅,729人,1人,¥21400,圆满完成
【旅游服务】酒店最好挨着景点,927人,1人,¥20000,圆满完成
【旅游服务】旅游咨询服务,601人,1人,¥9980,圆满完成
【旅游服务】泰国三晚四日,844人,1人,¥19000,圆满完成
【英语】翻译证券研报以及随行会议翻译一天,1276人,1人,¥51000,圆满完成
【旅游服务】旅游咨询服务,737人,1人,¥20000,圆满完成
【代办/跑腿】ThinkPad美国行货代购T470s 两台,651人,1人,¥11600,圆满完成
【旅游服务】台湾旅游全包,698人,1人,¥20000,圆满完成
【旅游服务】巴塞罗那五天自助游,625人,1人,¥21000,圆满完成
【旅游服务】肯尼亚私人旅游行程安排,457人,1人,¥16000,圆满完成
【旅游服务】旅游咨询服务,525人,1人,¥1000,圆满完成
【英语】翻译两篇研报,2320人,1人,¥56000,圆满完成
【旅游服务】酒店待定，旅游,627人,1人,¥9550,圆满完成
【钟点工】厦门小吃餐厅logo和VI设计,1912人,1人,¥100,圆满完成
【英语】翻译两篇研报,554人,1人,¥16900,圆满完成
【旅游服务】境外旅游包车和导游,750人,1人,¥5000,圆满完成
【旅游服务】春节特惠，套房连住,600人,1人,¥9990,圆满完成
【代办/跑腿】ThinkPad日本行货，THINKPAD 25纪念款,607人,1人,¥12700,圆满完成
,,,,
【英语】翻译一篇证券研报,516人,1人,¥1000,圆满完成
【代办/跑腿】ThinkPad美国行货代购，T470s,782人,1人,¥14800,圆满完成
【旅游服务】境外旅游包车和导游,532人,1人,¥1000,圆满完成
【旅游服务】春节酒店,485人,1人,¥8045,圆满完成
【旅游服务】国内外自由行线路订制,663人,1人,¥7999,圆满完成
【英语】英文文档翻译成中文,1408人,1人,¥198,圆满完成
【代办/跑腿】金银纪念币代购，彩色银币，狗年,535人,1人,¥1950,圆满完成
【旅游服务】需要覆盖部分春节日期,439人,1人,¥2430,圆满完成
【代办/跑腿】Apple iPad Pro美国行货10.5 英寸一台,579人,1人,¥4875,圆满完成
【代办/跑腿】邮票代购,673人,1人,¥1988,圆满完成
【代办/跑腿】金银纪念币代购,678人,1人,¥1970,圆满完成
【代办/跑腿】请帮忙推广海淘APP线上，线下活动,785人,1人,¥1989,圆满完成
【代办/跑腿】金银纪念币代购,542人,1人,¥2985,圆满完成
【旅游服务】新西兰机票余款2,486人,1人,¥3900,圆满完成
【旅游服务】国内外自由行线路订制,619人,1人,¥9800,圆满完成
【旅游服务】台北自由行 机票酒店一价全包 8天7玩全程定制,522人,1人,¥9850,圆满完成
【代办/跑腿】金银纪念币代购,456人,1人,¥1990,圆满完成
【旅游服务】斯里兰卡包车,363人,1人,¥5000,圆满完成
【代办/跑腿】金银纪念币代购,597人,1人,¥1000,圆满完成
【代办/跑腿】邮票代购，2018年狗年生肖,680人,1人,¥2928,圆满完成
【英语】论文小修改,971人,1人,¥1500,圆满完成
【旅游服务】境外旅游包车和导游,410人,1人,¥3000,圆满完成
【旅游服务】春节奥克兰住宿3晚,446人,1人,¥4020,圆满完成
【代办/跑腿】需要2018年贺岁银币,501人,1人,¥1988,圆满完成
【代办/跑腿】金银纪念币代购，2018年贺岁封装银币，8枚,481人,1人,¥1688,圆满完成
【英语】日语漫画翻译,1443人,1人,¥13650,圆满完成
【代办/跑腿】金银纪念币代购，狗年，本色金银币，封装,586人,1人,¥1991,圆满完成
【代办/跑腿】ThinkPad美国行货代购 T470s,478人,1人,¥4889,圆满完成
【旅游服务】巴厘岛定制服务,361人,1人,¥5000,圆满完成
【印刷出版】画册海报设计加制作,934人,1人,¥18000,圆满完成
,,,,
【英语】短篇小说翻译,953人,1人,¥1994,圆满完成
【英语】把这篇文章翻译成中文，并分析相关行业,1991人,1人,¥55000,圆满完成
【代办/跑腿】金银纪念币代购,495人,1人,¥1980,圆满完成
【代办/跑腿】邮票代购-《百合花》邮票,451人,1人,¥1988,圆满完成
【数据录入】开发一个单用户商城,3544人,1人,¥30000,圆满完成
【旅游服务】国内外自由行线路订制,440人,1人,¥9950,圆满完成
【英语】把这篇英文翻译成中文并参加1天随行译,1459人,1人,¥54000,圆满完成
【代办/跑腿】金银纪念币代购,419人,1人,¥1208,圆满完成
【旅游服务】IHG预定,486人,1人,¥1000,圆满完成
【代办/跑腿】金银纪念币代购-狗年彩色银币,402人,1人,¥1982,圆满完成
【旅游服务】新西兰机票余款1,465人,1人,¥4800,圆满完成
【英语】文献翻译，论文整理和修改,665人,1人,¥1990,圆满完成
【代办/跑腿】金银纪念币代购,427人,1人,¥1878,圆满完成
【印刷出版】机油格内 外包装盒印刷,864人,1人,¥10000,圆满完成
【印刷出版】元旦欢乐餐厅打折宣传折页,511人,1人,¥8000,圆满完成
【英语】文献翻译，论文整理和修改,497人,1人,¥1990,圆满完成
【代办/跑腿】金银纪念币代购,488人,1人,¥1990,圆满完成
【代办/跑腿】金银纪念币代购，南非中国年1盎司封装银币2枚,489人,1人,¥1990,圆满完成
【旅游服务】国内外自由行线路订制,527人,1人,¥9970,圆满完成
【代办/跑腿】金银纪念币代购,423人,1人,¥1970,圆满完成
【印刷出版】台历设计＋印刷,617人,1人,¥7500,圆满完成
【旅游服务】新年旅游,430人,1人,¥9900,圆满完成
【旅游服务】国内外自由行线路订制,385人,1人,¥9900,圆满完成
【旅游服务】境外旅游包车和导游,505人,1人,¥9900,圆满完成
【代办/跑腿】狗年纪念币代购,597人,1人,¥1997,圆满完成
【旅游服务】泰国四日游,440人,1人,¥1222,圆满完成
【印刷出版】测试服务,620人,1人,¥1000,圆满完成
【咨询服务】敏感肌肤修复套餐,745人,1人,¥29800,圆满完成
【网络接单】需要亚马逊美国泰迪熊2017版毛绒玩具俩只,287人,1人,¥1380,圆满完成
【英语】把这篇文章翻译成中文,1350人,1人,¥46000,圆满完成
,,,,
【教育培训】英语商务教学,872人,1人,¥9700,圆满完成
【旅游服务】南美自由行线路订制,270人,1人,¥9850,圆满完成
【旅游服务】28人团旅游,435人,1人,¥9850,圆满完成
【代办/跑腿】各种海外代购推广合作,492人,1人,¥1204,圆满完成
【英语】论文修改,677人,1人,¥1850,圆满完成
【网络接单】需要他们做一个贴吧任务,400人,1人,¥475,圆满完成
【印刷出版】印刷制作,628人,1人,¥15000,圆满完成
【印刷出版】画册印刷-定金,497人,1人,¥25000,圆满完成
【旅游服务】国内外自由行线路订制,385人,1人,¥9998,圆满完成
【英语】Go语言api文档翻译,699人,1人,¥23800,圆满完成
【教育培训】英语口语培训,1026人,1人,¥10000,圆满完成
【代办/跑腿】ThinkPad美国行货代购,532人,1人,¥4708,圆满完成
【印刷出版】功能书的印刷,401人,1人,¥15000,圆满完成
【代办/跑腿】需要Kindle Paperwhite最新款 美国行货,504人,1人,¥1260,圆满完成
【英语】剧本翻译,996人,1人,¥18000,圆满完成
【印刷出版】印刷-尾款支付,503人,1人,¥30000,圆满完成
【旅游服务】新西兰旅游包车加导游,282人,1人,¥9850,圆满完成
【印刷出版】不干胶印刷及名片和画册印刷,551人,1人,¥15000,圆满完成
【咨询服务】双十一场景非功能测试培训尾款,468人,1人,¥8000,圆满完成
【印刷出版】小画册制作印刷,391人,1人,¥5000,圆满完成
【教育培训】学英语,1075人,1人,¥9550,圆满完成
【咨询服务】展示柜,524人,1人,¥20000,圆满完成
【咨询服务】双十一场景非功能测试一期项目方案变更,430人,1人,¥7000,圆满完成
【婚庆服务】一生一次的约定,1303人,1人,¥9800,圆满完成
【咨询服务】云服务器租用享返利,479人,1人,¥6500,圆满完成
【代办/跑腿】ThinkPad美国行货代购-先支付定金,387人,1人,¥3389,圆满完成
【咨询服务】上周咨询费结算,523人,1人,¥12000,圆满完成
【印刷出版】户外广告海报宣传印刷,616人,1人,¥11700,圆满完成
【英语】翻译文献,789人,1人,¥18000,圆满完成
【代办/跑腿】两万日亚礼品卡购买,348人,1人,¥1200,圆满完成
,,,,
【代办/跑腿】邮票代购,379人,1人,¥2505,圆满完成
【数据录入】数据录入补单,4026人,1人,¥190,圆满完成
【数据录入】数据正确录入,3250人,1人,¥180,圆满完成
【数据录入】1.2万数量录入 补单,2577人,1人,¥75,圆满完成
【数据录入】补单2.9万的数据录入,1905人,1人,¥175,圆满完成
【代办/跑腿】日本亚马逊礼品卡，价格优惠,380人,1人,¥4000,圆满完成
【代办/跑腿】邮票代购,296人,1人,¥4000,圆满完成
【咨询服务】项目一期款，邮件已发送，请查收。,555人,1人,¥6000,圆满完成
【数据录入】7000个数据录入,1871人,1人,¥45,圆满完成
【数据录入】数据录入（补单）,1790人,1人,¥100,圆满完成
【代办/跑腿】任天堂游戏机代购-红蓝版,706人,1人,¥2000,圆满完成
【代办/跑腿】日本亚马逊礼品卡，价格优惠,517人,1人,¥5500,圆满完成
【印刷出版】十九大邮票代购,629人,1人,¥5500,圆满完成
【印刷出版】医院户外宣传册印刷,360人,1人,¥11800,圆满完成
【数据录入】2万数据录入,1523人,1人,¥140,圆满完成
【数据录入】5万个数据录入,1736人,1人,¥300,圆满完成
【咨询服务】“双十一”场景咨询订金,403人,1人,¥4500,圆满完成
【代办/跑腿】邮票代购-十九大邮票小版张,393人,1人,¥1988,圆满完成
【印刷出版】户外广告牌印刷,499人,1人,¥12000,圆满完成
【旅游服务】香港往返奥克兰商务舱10%机票款,320人,1人,¥3600,圆满完成
【意大利语】会议翻译一周,1132人,1人,¥30000,圆满完成
【印刷出版】公司十周年促销宣传海报设计,559人,1人,¥200,圆满完成
【英语】SCI文章修改和翻译,864人,1人,¥11000,圆满完成
【印刷出版】宣传册单页印刷和户外宣传海报,484人,1人,¥14000,圆满完成
【代办/跑腿】邮票代购 2017年鸡大版邮票 总公司邮折,348人,1人,¥1688,圆满完成
【咨询服务】非功能测试培训,460人,1人,¥5000,圆满完成
【旅游服务】新西兰15%机票款,414人,1人,¥5400,圆满完成
【代办/跑腿】任天堂,803人,1人,¥1948,圆满完成
【英语】FDA文献翻译,697人,1人,¥18000,圆满完成
【咨询服务】产品推广方案,504人,1人,¥10000,圆满完成
,,,,
【咨询服务】产品推广方案,348人,1人,¥4500,圆满完成
【咨询服务】产品推广方案,689人,1人,¥10000,圆满完成
【代办/跑腿】请完成线下推广活动（策划订金）,638人,1人,¥2000,圆满完成
【代办/跑腿】代购 建军 纪念币 原卷,546人,1人,¥5000,圆满完成
【家政服务】国庆上冲大型车展装备现场,1289人,1人,¥31752,圆满完成
【旅游服务】新西兰机票30%机票款,413人,1人,¥10800,圆满完成
【意大利语】酒店官网意大利翻译,818人,1人,¥13688,圆满完成
【印刷出版】画册印刷,408人,1人,¥7000,圆满完成
【印刷出版】户外装修宣传单页印刷制作,408人,1人,¥9700,圆满完成
【家政服务】珠海上冲大型车展展销活动,1112人,1人,¥37073,圆满完成
【印刷出版】画册印刷,615人,1人,¥8000,圆满完成
【咨询服务】产品推广方案,457人,1人,¥10000,圆满完成
【代办/跑腿】请为我司代购八台ThinkPad电脑,2789人,1人,¥21000,圆满完成
【意大利语】随身商务翻译,676人,1人,¥21000,圆满完成
【咨询服务】敏感肌肤修复套餐,689人,1人,¥29800,圆满完成
【代办/跑腿】请帮忙海淘推广,588人,1人,¥3100,圆满完成
【家政服务】珠海港运输至上冲国际车城,668人,1人,¥29905,圆满完成
【意大利语】意大利语论文翻译,1209人,1人,¥14000,圆满完成
【印刷出版】户外广告牌制作印刷安装,365人,1人,¥9000,圆满完成
【代办/跑腿】请为海淘代购网站进行推广,446人,1人,¥5880,圆满完成
【教育培训】培训课程,1135人,1人,¥10000,圆满完成
【代办/跑腿】请为我司代购五台ThinkPad电脑,907人,1人,¥14000,圆满完成
【旅游服务】新西兰机票预订,338人,1人,¥3600,圆满完成
【印刷出版】机油滤清包装盒印刷,500人,1人,¥9000,圆满完成
【代办/跑腿】Thinkpad图形工作站p系列代购,730人,1人,¥12500,圆满完成
【印刷出版】户外广告牌印刷,426人,1人,¥9000,圆满完成
【婚庆服务】婚庆策划,938人,1人,¥8000,圆满完成
【代办/跑腿】请帮代购一批美行ThinkPad,617人,1人,¥12000,圆满完成
【意大利语】意大利语随行翻译一天,741人,1人,¥12000,圆满完成
【家政服务】大型设备装卸 珠海港,736人,1人,¥14805,圆满完成
,,,,
【旅游服务】日默瓦登机箱两个,289人,1人,¥9000,圆满完成
【印刷出版】小商品城商业街整体形象设计,477人,1人,¥6000,圆满完成
【家政服务】大型展会进场施工,599人,1人,¥20000,圆满完成
【代办/跑腿】请为海淘平台进行推广,860人,1人,¥15800,圆满完成
【咨询服务】服务器使用咨询,390人,1人,¥18400,圆满完成
【意大利语】接待意大利客户，需要随身翻译,810人,1人,¥15800,圆满完成
【意大利语】酒店系统意大利语翻译,603人,1人,¥15800,圆满完成
【文化艺术服务】买一台thinkpad,889人,1人,¥15800,圆满完成
【咨询服务】阿里云使用详细指导,473人,1人,¥15000,圆满完成
【代办/跑腿】请代购最新think pad P系列,393人,1人,¥14000,圆满完成
【招商加盟】日美游戏租售会员服务,1619人,1人,¥14000,圆满完成
【意大利语】我司参加高级商务会议随身翻译,637人,1人,¥17500,圆满完成
【印刷出版】纪念邮票设计,543人,1人,¥8788,圆满完成
【意大利语】请为我公司临时担当3天意大利翻译,734人,1人,¥22000,圆满完成
【印刷出版】画册印刷制作,453人,1人,¥15000,圆满完成
【意大利语】意大利语文献翻译,497人,1人,¥13000,圆满完成
【家政服务】凌驾大型展会布置,484人,1人,¥19608,圆满完成
【印刷出版】天津学森科技有限公司-X展架1幅,368人,1人,¥200,圆满完成
【印刷出版】宣传品海报印刷,1071人,1人,¥10,圆满完成
【代办/跑腿】ThinkPad美国行货代购   T470p,302人,1人,¥9490,圆满完成
【意大利语】意大利文章翻译,844人,1人,¥19800,圆满完成
【印刷出版】炸鸡店宣传海报,748人,1人,¥3900,圆满完成
【印刷出版】户外广告牌制作印刷安装,345人,1人,¥15000,圆满完成
【代办/跑腿】海淘网站推广合作,493人,1人,¥10000,圆满完成
【代办/跑腿】金银纪念币代购-建军90周年,432人,1人,¥7060,圆满完成
【家政服务】奇瑞汽车销售展览,515人,1人,¥19634,圆满完成
【印刷出版】包装盒印刷,239人,1人,¥4000,圆满完成
【印刷出版】天津学森科技1000册宣传册印刷,245人,1人,¥2450,圆满完成
【意大利语】翻译需求,627人,1人,¥12000,圆满完成
【家政服务】凌志活动场地清场,452人,1人,¥19945,圆满完成
,,,,
【运势测算】thinkpad电脑w系列代购,816人,1人,¥8750,圆满完成
【家政服务】水系统服务,1510人,1人,¥8600,圆满完成
【代办/跑腿】为我代购平台和转运平台提供推广方案,642人,1人,¥20000,圆满完成
【印刷出版】宣传书印刷,603人,1人,¥15000,圆满完成
【意大利语】为企业客户进行产品说明书翻译,498人,1人,¥10000,圆满完成
【婚庆服务】婚礼策划,897人,1人,¥18966,圆满完成
【家政服务】雷克萨斯商务展览运输服务,522人,1人,¥17968,圆满完成
【代办/跑腿】邮票代购 长江小版,284人,1人,¥5599,圆满完成
【招商加盟】加盟商培训服务,1223人,1人,¥10000,圆满完成
【意大利语】请为公司客户翻译产品说明书,452人,1人,¥10000,圆满完成
【代办/跑腿】建军90周年金银币小规格套装,383人,1人,¥9300,圆满完成
【家政服务】海滨情侣路海滨派对,450人,1人,¥10536,圆满完成
【意大利语】需要意大利语翻译,601人,1人,¥10000,圆满完成
【家政服务】家里有个四个月大的小法斗,2345人,1人,¥10000,圆满完成
【印刷出版】产品宣传册印刷,359人,1人,¥11000,圆满完成
【家政服务】大型汽车运输,385人,1人,¥18920,圆满完成
【旅游服务】需要代购thinkpad,494人,1人,¥8799,圆满完成
【印刷出版】户外广告牌制作印刷,347人,1人,¥18000,圆满完成
【代办/跑腿】ThinkPad美国行货代购,268人,1人,¥6500,圆满完成
【印刷出版】画册印刷,226人,1人,¥14000,圆满完成
【家政服务】商场车辆进驻，需要大型货车数台,379人,1人,¥18250,圆满完成
【代办/跑腿】金银纪念币代购,238人,1人,¥5000,圆满完成
【印刷出版】户外宣传海报印刷,234人,1人,¥12000,圆满完成
【印刷出版】机油格印刷,213人,1人,¥13000,圆满完成
【代办/跑腿】代购thinkpad x1 carbon 5,332人,1人,¥10000,圆满完成
【家政服务】需要大型货车数台,401人,1人,¥23560,圆满完成
【印刷出版】画册印刷,204人,1人,¥10000,圆满完成
【代办/跑腿】请代购1台T71笔记本（百分之35订金）,198人,1人,¥2550,圆满完成
【家政服务】大型车展进场,332人,1人,¥17679,圆满完成
【印刷出版】画册印刷,203人,1人,¥10000,圆满完成
,,,,
【代办/跑腿】青海自行车赛银币,234人,1人,¥3479,圆满完成
【家政服务】装修材料搬运,444人,1人,¥14670,圆满完成
【旅游服务】充电桩包月,380人,1人,¥2768,圆满完成
【旅游服务】具体私信联系,381人,1人,¥828,圆满完成
【旅游服务】充电桩包月,562人,1人,¥2598,圆满完成
【旅游服务】充电桩包月,302人,1人,¥918,圆满完成
【家政服务】大型商场进场,604人,1人,¥28948,圆满完成
【旅游服务】具体私信联系,403人,1人,¥698,圆满完成
【旅游服务】具体私信联系,445人,1人,¥698,圆满完成
【旅游服务】充电桩及场地设备提供,326人,1人,¥2798,圆满完成
【旅游服务】具体私信联系,369人,1人,¥918,圆满完成
【代办/跑腿】ThinkPad X1 yoga 2,421人,1人,¥13100,圆满完成
【旅游服务】充电桩包月,750人,1人,¥2618,圆满完成
【旅游服务】充电桩包月,509人,1人,¥2448,圆满完成
【印刷出版】印刷画册费用,290人,1人,¥5305,圆满完成
【印刷出版】包装盒印刷,372人,1人,¥13000,圆满完成
【咨询服务】云服务器租用,318人,1人,¥2500,圆满完成
【旅游服务】具体私信联系,422人,1人,¥866,圆满完成
【婚庆服务】婚礼跟拍单机位,757人,1人,¥9600,圆满完成
【旅游服务】充电桩包月,253人,1人,¥2398,圆满完成
【家政服务】废车辆运输，车辆运输货车,348人,1人,¥11480,圆满完成
【旅游服务】充电桩包月,305人,1人,¥2698,圆满完成
【代办/跑腿】代购新款thinkpad 超极本,443人,1人,¥14000,圆满完成
【家政服务】大型废车场搬迁,407人,1人,¥15570,圆满完成
【旅游服务】具体私信联系,243人,1人,¥766,圆满完成
【代办/跑腿】G20峰会小版,318人,1人,¥2573,圆满完成
【代办/跑腿】文房四宝丝绸小版,247人,1人,¥2400,圆满完成
【印刷出版】画册印刷,483人,1人,¥10000,圆满完成
【旅游服务】具体私信联系,261人,1人,¥766,圆满完成
【旅游服务】具体私信联系,206人,1人,¥168,圆满完成
,,,,
【旅游服务】具体私信联系,219人,1人,¥902,圆满完成
【婚庆服务】婚礼跟拍双机位,477人,1人,¥11000,圆满完成
【代办/跑腿】购买X1 Carbon 5一台,232人,1人,¥4600,圆满完成
【旅游服务】具体私信联系,245人,1人,¥862,圆满完成
【旅游服务】具体私信联系,460人,1人,¥762,圆满完成
【旅游服务】具体私信联系,239人,1人,¥832,圆满完成
【印刷出版】包装盒印刷,547人,1人,¥15000,圆满完成
【代办/跑腿】需要一套熊猫35周年金银币,248人,1人,¥2091,圆满完成
【家政服务】大型活动退场,416人,1人,¥14890,圆满完成
【咨询服务】云服务器租用享返利,281人,1人,¥3000,圆满完成
【旅游服务】具体私信联系,234人,1人,¥832,圆满完成
【家政服务】大型活动进场,491人,1人,¥31130,圆满完成
【代办/跑腿】一带一路金银币,224人,1人,¥2940,圆满完成
【印刷出版】画册印刷,242人,1人,¥8600,圆满完成
【旅游服务】租用一天私信,502人,1人,¥928,圆满完成
【旅游服务】热情撒哈拉线路设计,459人,1人,¥15000,圆满完成
【旅游服务】租车一天，联系,404人,1人,¥860,圆满完成
【咨询服务】云服务器租用享返利,305人,1人,¥7500,圆满完成
【旅游服务】具体私聊！,360人,1人,¥860,圆满完成
【印刷出版】画册印刷,242人,1人,¥9000,圆满完成
【代办/跑腿】鸡，金银币一套,196人,1人,¥1991,圆满完成
【婚庆服务】婚礼跟拍双机位,413人,1人,¥18000,圆满完成
【家政服务】大型活动拆迁,365人,1人,¥14180,圆满完成
【咨询服务】云服务器租用享返利,446人,1人,¥8000,圆满完成
【代办/跑腿】迪士尼大本票,240人,1人,¥3040,圆满完成
【咨询服务】需求帮助,831人,1人,¥4999,圆满完成
【旅游服务】具体私信确认,285人,1人,¥860,圆满完成
【家政服务】大型展览进场,408人,1人,¥12270,圆满完成
【印刷出版】汽油滤清器包装盒印刷,249人,1人,¥9000,圆满完成
【旅游服务】北非摩洛哥特色线路,384人,1人,¥15000,圆满完成
,,,,
【旅游服务】已私信联系,246人,1人,¥860,圆满完成
【代办/跑腿】购买恐龙大本票,315人,1人,¥2999,圆满完成
【家政服务】大型公益活动进场,363人,1人,¥15380,圆满完成
【旅游服务】详细需求私聊,452人,1人,¥860,圆满完成
【印刷出版】空气滤清器包装盒印刷大盒,165人,1人,¥10000,圆满完成
【旅游服务】充电,491人,1人,¥196,圆满完成
【代办/跑腿】代购欧盟发现纪念二战胜利纪念币订金,331人,1人,¥7000,圆满完成
【旅游服务】12345677,472人,1人,¥168,圆满完成
【旅游服务】私信联系说明,507人,1人,¥197,圆满完成
【印刷出版】产品包装盒印刷,215人,1人,¥14000,圆满完成
【代办/跑腿】代购恐龙小型张,220人,1人,¥2600,圆满完成
【婚庆服务】婚礼摄影，双边跟拍,669人,1人,¥27000,圆满完成
【咨询服务】心理咨询,1195人,1人,¥15900,圆满完成
【印刷出版】画册印刷,195人,1人,¥11000,圆满完成
【家政服务】大型地产项目,350人,1人,¥15120,圆满完成
【印刷出版】帮我打字，图片我发给你，你将图片里的文字翻译成word一万字100元初定,2280人,1人,¥100,圆满完成
【家政服务】地产项目进场，九州房产,412人,1人,¥21130,圆满完成
【咨询服务】云服务器租用享返利,419人,1人,¥6000,圆满完成
【代办/跑腿】邮票代购,381人,1人,¥10000,圆满完成
【婚庆服务】婚礼摄影,630人,1人,¥16300,圆满完成
【家政服务】大型地产项目进场,469人,1人,¥14100,圆满完成
【印刷出版】画册宣传册印刷,296人,1人,¥15000,圆满完成
【代办/跑腿】代购Dell投影仪一台,565人,1人,¥5000,圆满完成
【印刷出版】机油滤芯包装盒印刷,245人,1人,¥15000,圆满完成
【家政服务】上冲名城商城搬迁,381人,1人,¥19710,圆满完成
【婚庆服务】婚礼跟拍,653人,1人,¥16600,圆满完成
【代办/跑腿】一带一路纪念邮票代购,374人,1人,¥10000,圆满完成
【家政服务】大型商展货物进场,385人,1人,¥17790,圆满完成
【印刷出版】画册印刷,440人,1人,¥5000,圆满完成
【印刷出版】洋葱汁修改和印刷5000张,168人,1人,¥1100,圆满完成
,,,,
【代办/跑腿】代购联系和dell笔记本各10台，订金,1182人,1人,¥20000,圆满完成
【印刷出版】画册印刷,208人,1人,¥5000,圆满完成
【代办/跑腿】猴年彩色金银币,316人,1人,¥5000,圆满完成
【家政服务】大型商圈货品搬迁,343人,1人,¥14380,圆满完成
【代办/跑腿】办公ThinkPad代购,400人,1人,¥10000,圆满完成
【印刷出版】包装盒印刷,205人,1人,¥13000,圆满完成
【代办/跑腿】美版X1代购,555人,1人,¥20000,圆满完成
【代办/跑腿】代购X1 C5 美国行货,233人,1人,¥5000,圆满完成
【家政服务】大型综合性广场进驻,327人,1人,¥18890,圆满完成
【咨询服务】心理咨询治疗,641人,1人,¥15000,圆满完成
【咨询服务】租用服务器,332人,1人,¥3000,圆满完成
【代办/跑腿】公司笔记本代购,642人,1人,¥13000,圆满完成
【印刷出版】优惠券印刷,584人,1人,¥12000,圆满完成
【印刷出版】产品设计印刷,262人,1人,¥18000,圆满完成
【印刷出版】画册设计与印刷,388人,1人,¥12000,圆满完成
【家政服务】大型商业活动拆迁,403人,1人,¥23333,圆满完成
【代办/跑腿】代购25日周杰伦演唱会门票,516人,1人,¥8000,圆满完成
【代办/跑腿】请帮忙代购美国2012年发行的纪念币,218人,1人,¥5000,圆满完成
【咨询服务】租用服务器,268人,1人,¥8300,圆满完成
【印刷出版】机油滤芯包装盒印刷,507人,1人,¥14000,圆满完成
【家政服务】大型商业活动展览,349人,1人,¥14050,圆满完成
【咨询服务】已电话沟通,532人,1人,¥10008,圆满完成
【家政服务】大型活动运输,355人,1人,¥21660,圆满完成
【代办/跑腿】第37届佳邮,470人,1人,¥3100,圆满完成
【代办/跑腿】代购2017年发行的纪念币定金,242人,1人,¥4000,圆满完成
【印刷出版】柴油机油格包装盒印刷,249人,1人,¥10000,圆满完成
【咨询服务】租用服务器,602人,1人,¥3000,圆满完成
【代办/跑腿】代购近几年生肖邮票,274人,1人,¥4000,圆满完成
【印刷出版】产品包装盒印刷,254人,1人,¥12000,圆满完成
【旅游服务】川藏线陪游补充方案,567人,1人,¥4000,圆满完成
,,,,
【代办/跑腿】需要一套鸡年本色封装币和鸡年福字币,279人,1人,¥3100,圆满完成
【代办/跑腿】联想Ideapad一台,243人,1人,¥4000,圆满完成
【代办/跑腿】请代购纪念币,294人,1人,¥4000,圆满完成
【印刷出版】企业展会产品海报设计,257人,1人,¥500,圆满完成
【印刷出版】画册印刷,250人,1人,¥9000,圆满完成
【印刷出版】企业黄页画册印刷,208人,1人,¥12000,圆满完成
【代办/跑腿】需美国行货X1,293人,1人,¥6000,圆满完成
【代办/跑腿】请帮忙代购5台,427人,1人,¥5000,圆满完成
【婚庆服务】婚礼拍摄,671人,1人,¥33400,圆满完成
【印刷出版】产品宣传海报，及印刷。,221人,1人,¥1000,圆满完成
【家政服务】大型公益活动现场搭建,283人,1人,¥14050,圆满完成
【印刷出版】画册印刷,306人,1人,¥328,圆满完成
【印刷出版】机油格包装盒印刷,192人,1人,¥13000,圆满完成
【婚庆服务】婚纱摄影加摄像,561人,1人,¥10000,圆满完成
【婚庆服务】婚纱摄影加摄像,433人,1人,¥20000,圆满完成
【婚庆服务】雪地婚纱摄影,553人,1人,¥43000,圆满完成
【印刷出版】宣传册印刷服务,182人,1人,¥13000,圆满完成
【家政服务】大型运输车队吊装,273人,1人,¥15227,圆满完成
【婚庆服务】4-1号婚礼跟拍,433人,1人,¥11000,圆满完成
【咨询服务】租用云服务器并部署工程,248人,1人,¥4500,圆满完成
【家政服务】大型设备吊装,233人,1人,¥15280,圆满完成
【咨询服务】已初步沟通交流,547人,1人,¥5700,圆满完成
【家政服务】大型设备运输,552人,1人,¥20890,圆满完成
【印刷出版】易拉宝,410人,1人,¥180,圆满完成
【印刷出版】名片印刷,224人,1人,¥2000,圆满完成
【婚庆服务】婚纱摄影,659人,1人,¥19500,圆满完成
【印刷出版】空气滤清器产品宣传画册印刷,205人,1人,¥10000,圆满完成
【英语】阿里巴巴国际站产品翻译,1176人,1人,¥1500,圆满完成
【咨询服务】觉得人生很迷茫，想找医生看看,315人,1人,¥8880,圆满完成
【印刷出版】户外广告牌印刷,410人,1人,¥6500,圆满完成
,,,,
【印刷出版】机油格产品宣传册印刷,189人,1人,¥7500,圆满完成
【旅游服务】西部自驾线路开发设计,461人,1人,¥20000,圆满完成
【印刷出版】企业画册1000份,557人,1人,¥6000,圆满完成
【咨询服务】云服务器租用,263人,1人,¥3500,圆满完成
【家政服务】大型车展货车运输,449人,1人,¥10410,圆满完成
【婚庆服务】周日婚礼摄影及后期制作,462人,1人,¥12200,圆满完成
【家政服务】大型货车装卸,412人,1人,¥20267,圆满完成
【咨询服务】心理咨询,669人,1人,¥4980,圆满完成
【印刷出版】单页折页设计印刷,466人,1人,¥370,圆满完成
【印刷出版】画册印刷,242人,1人,¥7500,圆满完成
【印刷出版】海报设计印刷,199人,1人,¥7500,圆满完成
【婚庆服务】婚礼摄影,483人,1人,¥25000,圆满完成
【家政服务】大型货车数台搬迁,382人,1人,¥15600,圆满完成
【旅游服务】南美洲大冒险,712人,1人,¥30000,圆满完成
【印刷出版】海报印刷,209人,1人,¥8000,圆满完成
【印刷出版】海报设计印刷,203人,1人,¥7000,圆满完成
【家政服务】大型综合性商场进驻,253人,1人,¥19838,圆满完成
【咨询服务】心理咨询,564人,1人,¥910,圆满完成
【婚庆服务】婚庆酒店VI以及宣传册设计,469人,1人,¥38000,圆满完成
【家政服务】大型活动进场,254人,1人,¥17940,圆满完成
【印刷出版】宣传册印刷,196人,1人,¥6500,圆满完成
【印刷出版】画册印刷,268人,1人,¥7500,圆满完成
【印刷出版】海报印刷,183人,1人,¥7500,圆满完成
【印刷出版】海报印刷,160人,1人,¥7500,圆满完成
【咨询服务】空间租用,522人,1人,¥3000,圆满完成
【婚庆服务】婚礼全程摄影跟拍,391人,1人,¥17700,圆满完成
【英语】长编英文翻译 100万字,542人,1人,¥480,圆满完成
【家政服务】大型活动现场搬迁,204人,1人,¥13250,圆满完成
【印刷出版】海报印刷,156人,1人,¥14000,圆满完成
【旅游服务】预订2月25.26号两天酒店,317人,1人,¥2000,圆满完成
,,,,
【咨询服务】租用空间,222人,1人,¥1500,圆满完成
【印刷出版】有部分要调色确认己标注,371人,1人,¥50,圆满完成
【意大利语】翻译,687人,1人,¥120,圆满完成
【家政服务】大型公益活动展会,233人,1人,¥13650,圆满完成
【日语】专业团队翻译服务,1814人,1人,¥15,圆满完成
【印刷出版】海报印刷,167人,1人,¥7000,圆满完成
【印刷出版】海报印刷,185人,1人,¥7000,圆满完成
【英语】产品英语内容翻译,984人,1人,¥1540,圆满完成
【家政服务】大型设备运输,251人,1人,¥19298,圆满完成
【咨询服务】留学美国咨询,664人,1人,¥20,圆满完成
【招商加盟】银行渠道推广,1372人,1人,¥4999,圆满完成
【咨询服务】想移民美国纽约,267人,1人,¥1000,圆满完成
【咨询服务】雅思备考咨询,462人,1人,¥10,圆满完成
【印刷出版】海报印刷,187人,1人,¥7500,圆满完成
【印刷出版】海报印刷,229人,1人,¥7500,圆满完成
【婚庆服务】婚礼全程跟拍,437人,1人,¥35000,圆满完成
【婚庆服务】婚礼全程跟拍,976人,1人,¥50000,圆满完成
【婚庆服务】总监级摄影师拍摄,360人,1人,¥15000,圆满完成
【家政服务】大型吊装设备任务,172人,1人,¥16360,圆满完成
【咨询服务】购买云服务器,353人,1人,¥10800,圆满完成
【印刷出版】海报印刷,149人,1人,¥6500,圆满完成
【印刷出版】海报印刷,146人,1人,¥6500,圆满完成
【婚庆服务】婚纱摄影,402人,1人,¥9200,圆满完成
【家政服务】大型活动设备搬迁,356人,1人,¥16609,圆满完成
【印刷出版】海报印刷,159人,1人,¥5000,圆满完成
【咨询服务】服务器租用,300人,1人,¥5000,圆满完成
【家政服务】大型迎春晚会现场清理,399人,1人,¥23990,圆满完成
【印刷出版】海报印刷,408人,1人,¥5000,圆满完成
【家政服务】大型设备运输,267人,1人,¥12293,圆满完成
【文化艺术服务】久谐文化答谢晚宴,1169人,1人,¥40000,圆满完成
,,,,
【印刷出版】海报印刷,208人,1人,¥7500,圆满完成
【家政服务】大型年会礼品搬运,435人,1人,¥17753,圆满完成
【印刷出版】海报印刷,486人,1人,¥5000,圆满完成
【印刷出版】海报印刷,232人,1人,¥10000,圆满完成
【文化艺术服务】科学小超人尾牙节目需求,453人,1人,¥20000,圆满完成
【印刷出版】海报印刷,454人,1人,¥15000,圆满完成
【印刷出版】海报印刷,203人,1人,¥7500,圆满完成
【印刷出版】海报印刷,113人,1人,¥7500,圆满完成
【家政服务】大型年会活动策划,302人,1人,¥20595,圆满完成
【印刷出版】海报印刷,213人,1人,¥7500,圆满完成
【印刷出版】海报印刷,204人,1人,¥7500,圆满完成
【印刷出版】海报印刷,187人,1人,¥7500,圆满完成
【印刷出版】海报印刷,197人,1人,¥7500,圆满完成
【旅游服务】微商城,540人,1人,¥5000,圆满完成
【旅游服务】微商城,389人,1人,¥4000,圆满完成
【旅游服务】手机app,397人,1人,¥3000,圆满完成
【旅游服务】企业网站,356人,1人,¥5000,圆满完成
【旅游服务】网站建设,551人,1人,¥5000,圆满完成
【旅游服务】企业网站,324人,1人,¥5000,圆满完成
【家政服务】大型元旦车展撤场,363人,1人,¥16420,圆满完成
【婚庆服务】记录跟拍及后期制作,650人,1人,¥42000,圆满完成
【印刷出版】海报印刷,379人,1人,¥7500,圆满完成
【印刷出版】海报印刷,293人,1人,¥7500,圆满完成
【家政服务】大型设备搬迁,270人,1人,¥15447,圆满完成
【家政服务】大型活动搬迁,447人,1人,¥16658,圆满完成
【印刷出版】海报印刷,127人,1人,¥7500,圆满完成
【印刷出版】海报印刷,243人,1人,¥7500,圆满完成
【印刷出版】画册设计制作,493人,1人,¥28000,圆满完成
【咨询服务】租用服务器部署项目,293人,1人,¥3500,圆满完成
【印刷出版】海报印刷,159人,1人,¥7500,圆满完成
,,,,
【印刷出版】海报印刷,183人,1人,¥7500,圆满完成
【旅游服务】微商城,418人,1人,¥20000,圆满完成
【旅游服务】网站建设,308人,1人,¥20000,圆满完成
【旅游服务】网站建设,339人,1人,¥20000,圆满完成
【旅游服务】团购,569人,1人,¥30000,圆满完成
【家政服务】大型活动离场,268人,1人,¥15256,圆满完成
【印刷出版】画册印刷6000份,292人,1人,¥18000,圆满完成
【家政服务】大型吊装货运,211人,1人,¥10430,圆满完成
【家政服务】大型商场进驻,274人,1人,¥17130,圆满完成
【印刷出版】海报印刷,158人,1人,¥7500,圆满完成
【旅游服务】企业网站,262人,1人,¥20000,圆满完成
【旅游服务】网站建设,225人,1人,¥20000,圆满完成
【旅游服务】滴滴出行,334人,1人,¥20000,圆满完成
【旅游服务】直播软件,274人,1人,¥20000,圆满完成
【旅游服务】团购,227人,1人,¥20000,圆满完成
【家政服务】大型设备搬迁,176人,1人,¥11514,圆满完成
【婚庆服务】婚礼摄影服务,352人,1人,¥21758,圆满完成
【印刷出版】海报印刷,174人,1人,¥7500,圆满完成
【印刷出版】海报印刷,97人,1人,¥7500,圆满完成
【咨询服务】租用服务器,270人,1人,¥3000,圆满完成
【旅游服务】补充非洲线路细节内容,312人,1人,¥8000,圆满完成
【家政服务】大型活动现场设备吊装,282人,1人,¥7508,圆满完成
【家政服务】大型跨市运输任务,318人,1人,¥14756,圆满完成
【印刷出版】巢凤寺折页及福袋制作,451人,1人,¥25000,圆满完成
【家政服务】大型设备搬迁,153人,1人,¥10765,圆满完成
【家政服务】大型设备搬迁,203人,1人,¥6856,圆满完成
【咨询服务】租用服务器,232人,1人,¥4000,圆满完成
【印刷出版】海报印刷,150人,1人,¥7500,圆满完成
【家政服务】大型设备搬迁,306人,1人,¥17529,圆满完成
【旅游服务】西藏自驾线路设计,484人,1人,¥11650,圆满完成
,,,,
【印刷出版】海报印刷,186人,1人,¥7500,圆满完成
【家政服务】大型设备搬迁,346人,1人,¥11678,圆满完成
【家政服务】大型设备转移,251人,1人,¥20321,圆满完成
【印刷出版】VI手册制作+宣传资料印刷,1252人,1人,¥93000,圆满完成
【家政服务】大型楼盘活动设备进场,299人,1人,¥11159,圆满完成
【印刷出版】海报印刷,189人,1人,¥7500,圆满完成
【印刷出版】海报印刷,165人,1人,¥7500,圆满完成
【印刷出版】宣传物料设计制作,413人,1人,¥20000,圆满完成
【英语】经管类论文翻译,598人,1人,¥1500,圆满完成
【印刷出版】广告宣传资料印刷制作,2100人,1人,¥94000,圆满完成
【家政服务】大型活动布置场馆,263人,1人,¥14077,圆满完成
【印刷出版】海报印刷,152人,1人,¥8000,圆满完成
【印刷出版】海报印刷,151人,1人,¥7000,圆满完成
【印刷出版】宣传资料印刷,1524人,1人,¥60800,圆满完成
【印刷出版】书籍设计与印刷,337人,1人,¥10000,圆满完成
【英语】伪原创英文文章10 篇撰写,607人,1人,¥200,圆满完成
【旅游服务】东非和南非线路综合设计,633人,1人,¥18500,圆满完成
【家政服务】大型场馆搬迁,242人,1人,¥5486,圆满完成
【印刷出版】海报印刷,194人,1人,¥6000,圆满完成
【印刷出版】海报印刷,187人,1人,¥7000,圆满完成
【印刷出版】海报印刷,205人,1人,¥7000,圆满完成
【家政服务】大型器械搬迁至珠海航展馆,385人,1人,¥13410,圆满完成
【婚庆服务】高端婚礼策划,585人,1人,¥38000,圆满完成
【旅游服务】帮忙代定苏州希尔顿11月5日一晚,410人,1人,¥500,圆满完成
【代办/跑腿】希尔顿会员卡注册,803人,1人,¥270,圆满完成
【旅游服务】俄罗斯旅游线路设计,931人,1人,¥8500,圆满完成
【印刷出版】海报印刷,203人,1人,¥6000,圆满完成
【印刷出版】海报印刷,196人,1人,¥8000,圆满完成
【婚庆服务】婚礼照片ps以及电子相册制作,784人,1人,¥8700,圆满完成
【家政服务】珠海航展运输搬运,325人,1人,¥16493,圆满完成
,,,,
【印刷出版】15本VI手册制作,504人,1人,¥22500,圆满完成
【咨询服务】银行项目开发培训,314人,1人,¥7100,圆满完成
【印刷出版】画版印刷,217人,1人,¥10000,圆满完成
【印刷出版】3折页印刷，共52000份,379人,1人,¥23300,圆满完成
【家政服务】大型设备吊装 时间紧迫,276人,1人,¥16380,圆满完成
【印刷出版】海报印刷,179人,1人,¥10000,圆满完成
【家政服务】航展展馆大型器械搬迁,326人,1人,¥16270,圆满完成
【印刷出版】画报印刷,253人,1人,¥5600,圆满完成
【印刷出版】画报印刷,207人,1人,¥12400,圆满完成
【咨询服务】租用云服务器,201人,1人,¥8000,圆满完成
【家政服务】大型设备转移，时间紧迫,253人,1人,¥17103,圆满完成
【家政服务】大型设备搬迁，时间紧迫,309人,1人,¥10850,圆满完成
【咨询服务】移民咨询,559人,1人,¥7800,圆满完成
【家政服务】大型商场进场，需大型货车数台,508人,1人,¥9560,圆满完成
【印刷出版】画报印刷,292人,1人,¥15000,圆满完成
【家政服务】大型工厂建设材料搬运,173人,1人,¥8831,圆满完成
【印刷出版】画册印刷,347人,1人,¥28500,圆满完成
【家政服务】大型设备搬迁,314人,1人,¥7758,圆满完成
【网络接单】要求个人认证以及企业认证成功账号,365人,1人,¥250,圆满完成
【印刷出版】画册印刷,204人,1人,¥6000,圆满完成
【印刷出版】画册印刷,253人,1人,¥8000,圆满完成
【家政服务】国庆大型车展活动清场,538人,1人,¥7582,圆满完成
【印刷出版】宣传册设计,229人,1人,¥5000,圆满完成
【印刷出版】画册印刷,149人,1人,¥14000,圆满完成
【家政服务】大型商业圈搬迁,487人,1人,¥13888,圆满完成
【家政服务】吉大商业街店铺搬迁 大型设备,465人,1人,¥5868,圆满完成
【印刷出版】画册印刷,143人,1人,¥10000,圆满完成
【家教辅导】家教,5153人,1人,¥300,圆满完成
【家政服务】要求自带有货车，地点珠海华发新城,628人,1人,¥6000,圆满完成
【印刷出版】画册印刷,160人,1人,¥8000,圆满完成
,,,,
【印刷出版】期刊设计印刷,608人,1人,¥20000,圆满完成
【印刷出版】画册印刷,110人,1人,¥10000,圆满完成
【咨询服务】租用服务器,306人,1人,¥2300,圆满完成
【印刷出版】画册印刷,225人,1人,¥10300,圆满完成
【印刷出版】惠刷招商海报,300人,1人,¥4200,圆满完成
【印刷出版】机油格产品包装盒印刷,195人,1人,¥4900,圆满完成
【印刷出版】条形码不干胶印刷,189人,1人,¥5300,圆满完成
【印刷出版】海报印刷,230人,1人,¥5000,圆满完成
【咨询服务】租用服务器,397人,1人,¥6000,圆满完成
【印刷出版】画册印刷,301人,1人,¥8200,圆满完成
【印刷出版】宣传册印刷,196人,1人,¥4800,圆满完成
【印刷出版】画册印刷,272人,1人,¥9900,圆满完成
【印刷出版】海报印刷,193人,1人,¥4500,圆满完成
【印刷出版】画册印刷,135人,1人,¥1100,圆满完成
【咨询服务】云服务器租用,480人,1人,¥5000,圆满完成
【印刷出版】企业宣传册印刷,179人,1人,¥5400,圆满完成
【印刷出版】海报印刷,192人,1人,¥5800,圆满完成
【咨询服务】云主机租用与项目部署,302人,1人,¥4500,圆满完成
【印刷出版】宣传册印刷,283人,1人,¥5000,圆满完成
【英语】宣传册翻译,461人,1人,¥200,圆满完成
【咨询服务】空间租用,338人,1人,¥2500,圆满完成
【印刷出版】画册海报印刷,222人,1人,¥10000,圆满完成
【印刷出版】画册印刷,130人,1人,¥13000,圆满完成
【文化艺术服务】美女用户的头像和相册资料,748人,1人,¥15,圆满完成
【印刷出版】至尚企业周刊,528人,1人,¥2780,圆满完成
【印刷出版】海报印刷,154人,1人,¥13000,圆满完成
【咨询服务】网站租用空间,318人,1人,¥2500,圆满完成
【印刷出版】画册印刷,152人,1人,¥13700,圆满完成
【咨询服务】租用云服务器,445人,1人,¥6000,圆满完成
【印刷出版】画册印刷,210人,1人,¥10000,圆满完成
,,,,
【咨询服务】管理系统云服务器租用,348人,1人,¥2000,圆满完成
【咨询服务】云服务器租用,358人,1人,¥10000,圆满完成
【印刷出版】宣传页设计,260人,1人,¥1700,圆满完成
【印刷出版】海报印刷,197人,1人,¥10000,圆满完成
【印刷出版】宣传册印刷,199人,1人,¥10000,圆满完成
【咨询服务】租用云服务器,245人,1人,¥4000,圆满完成
【印刷出版】宣传册印刷,233人,1人,¥11000,圆满完成
【咨询服务】租用云服务器,232人,1人,¥5000,圆满完成
【数据录入】问卷文档数据录入尾款,1157人,1人,¥180,圆满完成
【印刷出版】宣传册印刷,254人,1人,¥11600,圆满完成
【印刷出版】宣传册印刷,356人,1人,¥10000,圆满完成
【印刷出版】画册宣传册印刷,195人,1人,¥10000,圆满完成
【印刷出版】宣传画册印刷,188人,1人,¥10000,圆满完成
【印刷出版】名片加工,290人,1人,¥94,圆满完成
【网络接单】5台售票机硬件整机采购单整理,1834人,1人,¥18410,圆满完成
【咨询服务】云服务器租用,235人,1人,¥6000,圆满完成
【印刷出版】SMILE 形象海报,162人,1人,¥9961,圆满完成
【印刷出版】海报印刷,167人,1人,¥10000,圆满完成
【印刷出版】宣传册印刷,161人,1人,¥10000,圆满完成
【咨询服务】服务器空间租用,424人,1人,¥3000,圆满完成
【咨询服务】微商城云服务器租用,354人,1人,¥8000,圆满完成
【印刷出版】户外广告印刷安装,174人,1人,¥12000,圆满完成
【咨询服务】企业网站租用云服务器,303人,1人,¥2000,圆满完成
【印刷出版】画册宣传册印刷,144人,1人,¥12000,圆满完成
【咨询服务】云服务器租用,356人,1人,¥8000,圆满完成
【印刷出版】杂志宣传印刷,201人,1人,¥10000,圆满完成
【咨询服务】赴美生子咨询,223人,1人,¥1000,圆满完成
【咨询服务】赴美生子咨询,452人,1人,¥500,圆满完成
【印刷出版】欢乐颂海报,243人,1人,¥3295,圆满完成
【咨询服务】租用云服务器,167人,1人,¥3500,圆满完成
,,,,
【印刷出版】户外广告牌海报印刷制作,159人,1人,¥10000,圆满完成
【咨询服务】云服务器空间租用,299人,1人,¥5000,圆满完成
【人力外派】企业简历设计,3141人,1人,¥21220,圆满完成
【印刷出版】画册印刷,145人,1人,¥8000,圆满完成
【印刷出版】印刷活,140人,1人,¥10000,圆满完成
【咨询服务】服务器空间租用,284人,1人,¥8000,圆满完成
【咨询服务】租用服务器,266人,1人,¥5000,圆满完成
【印刷出版】海报印刷,232人,1人,¥12000,圆满完成
【印刷出版】海报印刷,312人,1人,¥9000,圆满完成
【印刷出版】海报印刷,271人,1人,¥9000,圆满完成
【印刷出版】海报印刷,319人,1人,¥9000,圆满完成
【数据录入】远程水表管理系统（Android App）,6038人,1人,¥40000,圆满完成
【印刷出版】海报印刷,175人,1人,¥9000,圆满完成
【印刷出版】海报印刷,194人,1人,¥9000,圆满完成
【印刷出版】画面设计,382人,1人,¥400,圆满完成
【印刷出版】海报印刷,322人,1人,¥10000,圆满完成
【咨询服务】阿里云服务器租用,269人,1人,¥8000,圆满完成
【印刷出版】海报印刷,209人,1人,¥12300,圆满完成
【印刷出版】海报设计,465人,1人,¥10,圆满完成
【咨询服务】租用阿里云服务器,342人,1人,¥6000,圆满完成
【印刷出版】海报印刷,201人,1人,¥10000,圆满完成
【印刷出版】宣传册印刷,276人,1人,¥10000,圆满完成
【印刷出版】酒吧宣传册印刷,274人,1人,¥13000,圆满完成
【数据录入】applied regression analysis lab4,759人,1人,¥625,圆满完成
【印刷出版】奶茶店宣传单印刷,264人,1人,¥12700,圆满完成
【印刷出版】海报印刷,150人,1人,¥10000,圆满完成
【咨询服务】活动公关,418人,1人,¥6800,圆满完成
【咨询服务】服务器空间租用,333人,1人,¥3000,圆满完成
【印刷出版】海报设计,304人,1人,¥10000,圆满完成
【咨询服务】租用服务器,272人,1人,¥2500,圆满完成
,,,,
【印刷出版】饭店活动宣传单印刷,288人,1人,¥11000,圆满完成
【咨询服务】云服务器配置支持Java项目,431人,1人,¥2500,圆满完成
【印刷出版】宣传海报印刷,177人,1人,¥9000,圆满完成
【印刷出版】奶茶店新店开张宣传单印刷,276人,1人,¥11000,圆满完成
【咨询服务】企业E型jsp网站空间,286人,1人,¥2500,圆满完成
【印刷出版】海报印刷,170人,1人,¥11000,圆满完成
【印刷出版】沙县小吃新店开张宣传单印刷,278人,1人,¥11000,圆满完成
【印刷出版】2016猴年秋雨越进,265人,1人,¥19619,圆满完成
【印刷出版】化妆品店的门面宣传单设计、印刷,238人,1人,¥9000,圆满完成
【印刷出版】宣传册印刷,171人,1人,¥10000,圆满完成
【印刷出版】海报印刷,205人,1人,¥10000,圆满完成
【印刷出版】宣传册印刷,203人,1人,¥12000,圆满完成
【招商加盟】16年第一季度招商策划,1211人,1人,¥38000,圆满完成
【印刷出版】海报设计印刷,242人,1人,¥12000,圆满完成
【文化艺术服务】公司开幕活动策划,1141人,1人,¥32000,圆满完成
【印刷出版】宣传册印刷,218人,1人,¥15000,圆满完成
【婚庆服务】现场花艺布置设计,851人,1人,¥30000,圆满完成
【婚庆服务】婚车租赁安排,600人,1人,¥4000,圆满完成
【婚庆服务】婚庆策划及现场布置,2123人,1人,¥58000,圆满完成
【印刷出版】节能灯宣传软文撰写,211人,1人,¥50,圆满完成
【印刷出版】宣传册因数,256人,1人,¥11000,圆满完成
【咨询服务】运筹学的数学建模项目及报告,450人,1人,¥1500,圆满完成
【意大利语】写文章典籍翻译,600人,1人,¥800,圆满完成
【印刷出版】店铺海报印刷设计,217人,1人,¥12000,圆满完成
【印刷出版】海报印刷,240人,1人,¥10125,圆满完成
【数据录入】信息录入数据之399,723人,1人,¥97,圆满完成
【网络接单】继续合作,358人,1人,¥500,圆满完成
【数据录入】信息录入数据之398,1174人,1人,¥4000,圆满完成
【数据录入】信息录入数据之397,653人,1人,¥3500,圆满完成
【印刷出版】店铺海报印刷,249人,1人,¥5600,圆满完成
,,,,
【数据录入】信息录入数据之396,837人,1人,¥4000,圆满完成
【数据录入】信息录入数据之395,465人,1人,¥3500,圆满完成
【印刷出版】数据分析,567人,1人,¥850,圆满完成
【数据录入】信息录入数据之394,334人,1人,¥3180,圆满完成
【数据录入】信息录入数据之393,865人,1人,¥4000,圆满完成
【数据录入】信息录入数据之392,405人,1人,¥3500,圆满完成
【数据录入】信息录入数据之391,526人,1人,¥4000,圆满完成
【数据录入】信息录入数据之390,343人,1人,¥3030,圆满完成
【数据录入】信息录入数据之389,448人,1人,¥4000,圆满完成
【英语】说明书翻译为英文,763人,1人,¥270,圆满完成
【数据录入】信息录入数据之388,301人,1人,¥630,圆满完成
【数据录入】信息录入数据之387,587人,1人,¥2800,圆满完成
【数据录入】信息录入数据之386,321人,1人,¥2000,圆满完成
【数据录入】信息录入数据之385,498人,1人,¥4000,圆满完成
【数据录入】信息录入数据之384,448人,1人,¥3500,圆满完成
【咨询服务】交友类网站android程序适配,337人,1人,¥1100,圆满完成
【数据录入】信息录入数据之383,226人,1人,¥3872,圆满完成
【数据录入】信息录入数据之382,464人,1人,¥3500,圆满完成
【数据录入】信息录入数据之381,363人,1人,¥500,圆满完成
【数据录入】信息录入数据之380,565人,1人,¥4000,圆满完成
【数据录入】信息录入数据之379,471人,1人,¥4000,圆满完成
【数据录入】信息录入数据之378,205人,1人,¥80,圆满完成
【数据录入】数据录入之107,167人,1人,¥200,圆满完成
【数据录入】数据录入之108,283人,1人,¥15,圆满完成
【数据录入】数据录入之106,306人,1人,¥370,圆满完成
【数据录入】信息录入数据之373,280人,1人,¥3300,圆满完成
【数据录入】信息录入数据之372,562人,1人,¥4000,圆满完成
【数据录入】将高中物理习题的解析做出来并打成word版,694人,1人,¥1400,圆满完成
【数据录入】数据录入之105,237人,1人,¥80,圆满完成
【数据录入】数据录入之104,169人,1人,¥135,圆满完成
,,,,
【数据录入】数据录入之103,308人,1人,¥425,圆满完成
【人力外派】普通设计师-第2月,1562人,1人,¥1600,圆满完成
【人力外派】第三月,1407人,1人,¥1500,圆满完成
【数据录入】信息录入数据之371,174人,1人,¥1345,圆满完成
【数据录入】信息录入数据之370,734人,1人,¥290,圆满完成
【人力外派】新年快乐,1173人,1人,¥200,圆满完成
【人力外派】新年快乐,1367人,1人,¥200,圆满完成
【印刷出版】第三本画册设计,333人,1人,¥4000,圆满完成
【数据录入】数据录入之102,202人,1人,¥20,圆满完成
【数据录入】数据录入之101,376人,1人,¥185,圆满完成
【数据录入】数据录入之100,230人,1人,¥540,圆满完成
【数据录入】数据录入之99,247人,1人,¥135,圆满完成
【数据录入】数据录入之98,217人,1人,¥180,圆满完成
【数据录入】信息录入数据之369,223人,1人,¥260,圆满完成
【数据录入】信息录入数据之368,261人,1人,¥3300,圆满完成
【数据录入】信息录入数据之367,154人,1人,¥1400,圆满完成
【数据录入】信息录入数据之366,177人,1人,¥700,圆满完成
【数据录入】信息录入数据之365,391人,1人,¥4000,圆满完成
【数据录入】信息录入数据之364,711人,1人,¥4200,圆满完成
【数据录入】数据录入之97,204人,1人,¥100,圆满完成
【数据录入】数据录入之96,190人,1人,¥200,圆满完成
【人力外派】第二月,1137人,1人,¥1500,圆满完成
【数据录入】信息录入数据之363,266人,1人,¥3100,圆满完成
【数据录入】信息录入数据之362,691人,1人,¥4100,圆满完成
【数据录入】信息录入数据之361,211人,1人,¥220,圆满完成
【数据录入】信息录入数据之360,479人,1人,¥4100,圆满完成
【人力外派】普通设计师--第1月,1144人,1人,¥1600,圆满完成
【数据录入】数据录入之95,128人,1人,¥140,圆满完成
【数据录入】数据录入之94,262人,1人,¥95,圆满完成
【数据录入】数据录入之92,168人,1人,¥775,圆满完成
【数据录入】信息数据录入之357,162人,1人,¥2000,圆满完成
【数据录入】信息数据录入之356,447人,1人,¥4000,圆满完成
【数据录入】数据录入之90,284人,1人,¥120,圆满完成
【数据录入】数据录入之89,211人,1人,¥770,圆满完成
【数据录入】数据录入之88,225人,1人,¥80,圆满完成
【数据录入】数据录入之87,162人,1人,¥170,圆满完成
【数据录入】数据录入之86,340人,1人,¥50,圆满完成
【数据录入】数据录入之85,160人,1人,¥50,圆满完成
【数据录入】数据录入之84,284人,1人,¥50,圆满完成
【数据录入】数据录入之83,236人,1人,¥490,圆满完成
【数据录入】数据录入之82,190人,1人,¥880,圆满完成
【数据录入】数据录入之81,137人,1人,¥110,圆满完成
【数据录入】数据录入之80,247人,1人,¥180,圆满完成
【数据录入】信息数据录入之355,229人,1人,¥3000,圆满完成
【数据录入】信息数据录入之354,241人,1人,¥20,圆满完成
【数据录入】数据录入之79,152人,1人,¥200,圆满完成
【代办/跑腿】椭圆机,416人,1人,¥2000,圆满完成
【数据录入】信息数据录入之353,136人,1人,¥200,圆满完成
【数据录入】信息数据录入之352,390人,1人,¥4000,圆满完成
【数据录入】信息数据录入之351,630人,1人,¥4000,圆满完成
【数据录入】信息数据录入之350,928人,1人,¥4000,圆满完成
【数据录入】信息数据录入之349,191人,1人,¥1500,圆满完成
【数据录入】信息数据录入之348,166人,1人,¥500,圆满完成
【咨询服务】你能解开我的心结吗,688人,1人,¥10000,圆满完成
【数据录入】信息数据录入之347,610人,1人,¥4100,圆满完成
【数据录入】信息数据录入之346,922人,1人,¥4300,圆满完成
【数据录入】信息数据录入之345,116人,1人,¥50,圆满完成
【数据录入】信息数据录入之344,294人,1人,¥2000,圆满完成
【数据录入】数据录入之66,347人,1人,¥80,圆满完成
,,,,
【数据录入】数据录入之64,151人,1人,¥100,圆满完成
【数据录入】数据录入之63,163人,1人,¥50,圆满完成
【数据录入】信息数据录入之342,525人,1人,¥4100,圆满完成
【数据录入】信息数据录入之341,234人,1人,¥1000,圆满完成
【数据录入】数据录入之62,173人,1人,¥50,圆满完成
【数据录入】数据录入之61,144人,1人,¥310,圆满完成
【数据录入】数据录入之60,152人,1人,¥50,圆满完成
【数据录入】数据录入之59,183人,1人,¥50,圆满完成
【数据录入】数据录入之56,528人,1人,¥200,圆满完成
【数据录入】数据录入之57,306人,1人,¥50,圆满完成
【数据录入】数据录入之55,150人,1人,¥100,圆满完成
【数据录入】数据录入之54,414人,1人,¥100,圆满完成
【数据录入】数据录入之53,162人,1人,¥50,圆满完成
【数据录入】数据录入之52,221人,1人,¥50,圆满完成
【数据录入】信息数据录入之340,155人,1人,¥200,圆满完成
【数据录入】信息数据录入之339,227人,1人,¥1700,圆满完成
【数据录入】信息数据录入之338,653人,1人,¥4100,圆满完成
【数据录入】信息数据录入之337,278人,1人,¥3200,圆满完成
【数据录入】数据录入之51,424人,1人,¥500,圆满完成
【数据录入】数据录入之50,380人,1人,¥50,圆满完成
【数据录入】数据录入之50,132人,1人,¥50,圆满完成
【数据录入】数据录入之49,135人,1人,¥50,圆满完成
【数据录入】数据录入之48,194人,1人,¥50,圆满完成
【数据录入】数据录入之47,267人,1人,¥50,圆满完成
【数据录入】数据录入之46,210人,1人,¥200,圆满完成
【数据录入】数据录入之45,195人,1人,¥500,圆满完成
【数据录入】信息数据录入之336,180人,1人,¥200,圆满完成
【数据录入】信息数据录入之335,145人,1人,¥200,圆满完成
【旅游服务】印度旅游产品推介,855人,1人,¥150,圆满完成
【数据录入】数据录入之41,141人,1人,¥100,圆满完成
,,,,
【数据录入】信息数据录入之332,584人,1人,¥4060,圆满完成
【数据录入】信息数据录入之331,223人,1人,¥2000,圆满完成
【数据录入】信息数据录入之330,225人,1人,¥500,圆满完成
【数据录入】信息数据录入之329,268人,1人,¥1000,圆满完成
【数据录入】信息数据录入之328,142人,1人,¥200,圆满完成
【数据录入】信息数据录入之327,110人,1人,¥370,圆满完成
【数据录入】信息数据录入之326,154人,1人,¥117,圆满完成
【数据录入】信息数据录入之325,144人,1人,¥83,圆满完成
【数据录入】信息数据录入之324,176人,1人,¥1000,圆满完成
【数据录入】信息数据录入之323,735人,1人,¥4200,圆满完成
【数据录入】信息数据录入之322,1206人,1人,¥4600,圆满完成
【数据录入】信息数据录入之321,246人,1人,¥2000,圆满完成
【数据录入】数据录入之39,155人,1人,¥50,圆满完成
【数据录入】数据录入之38,106人,1人,¥100,圆满完成
【数据录入】数据录入之37,250人,1人,¥200,圆满完成
【数据录入】信息数据录入之320,219人,1人,¥2000,圆满完成
【数据录入】数据录入之36,202人,1人,¥50,圆满完成
【数据录入】数据录入之35,114人,1人,¥50,圆满完成
【数据录入】数据录入之34,294人,1人,¥50,圆满完成
【印刷出版】招商手册及名牌印刷,491人,1人,¥2800,圆满完成
【数据录入】数据录入之33,112人,1人,¥50,圆满完成
【数据录入】数据录入之32,178人,1人,¥100,圆满完成
【数据录入】数据录入之31,112人,1人,¥200,圆满完成
【数据录入】数据录入之30,113人,1人,¥50,圆满完成
【数据录入】数据录入之29,135人,1人,¥50,圆满完成
【数据录入】数据录入之28,306人,1人,¥100,圆满完成
【数据录入】信息数据录入之319,564人,1人,¥4100,圆满完成
【数据录入】数据录入之27,99人,1人,¥50,圆满完成
【数据录入】信息数据录入之318,227人,1人,¥200,圆满完成
【数据录入】信息数据录入之317,207人,1人,¥1000,圆满完成
,,,,
【数据录入】信息数据录入之316,172人,1人,¥2000,圆满完成
【数据录入】数据录入之26,84人,1人,¥100,圆满完成
【数据录入】数据录入之25,242人,1人,¥100,圆满完成
【数据录入】数据录入之24,94人,1人,¥150,圆满完成
【数据录入】数据录入之23,255人,1人,¥50,圆满完成
【数据录入】数据录入之22,200人,1人,¥50,圆满完成
【数据录入】数据录入之21,315人,1人,¥50,圆满完成
【数据录入】数据录入之20,143人,1人,¥100,圆满完成
【数据录入】信息数据录入之315,139人,1人,¥1000,圆满完成
【数据录入】信息数据录入之314,143人,1人,¥500,圆满完成
【数据录入】信息数据录入之313,154人,1人,¥1000,圆满完成
【数据录入】数据录入之19,225人,1人,¥100,圆满完成
【数据录入】数据录入之18,101人,1人,¥100,圆满完成
【数据录入】数据录入之17,126人,1人,¥200,圆满完成
【数据录入】数据录入之16,132人,1人,¥50,圆满完成
【数据录入】数据录入之15,207人,1人,¥50,圆满完成
【数据录入】数据录入之14,176人,1人,¥50,圆满完成
【数据录入】数据录入之13,149人,1人,¥50,圆满完成
【数据录入】数据录入之12,406人,1人,¥50,圆满完成
【教育培训】算法设计4,1310人,1人,¥550,圆满完成
【数据录入】信息数据录入之312,208人,1人,¥3700,圆满完成
【数据录入】信息数据录入之311,305人,1人,¥500,圆满完成
【数据录入】信息数据录入之310,311人,1人,¥4000,圆满完成
【数据录入】信息数据录入之309,147人,1人,¥1000,圆满完成
【数据录入】补数据录入之6,193人,1人,¥69,圆满完成
【数据录入】信息数据录入之308,205人,1人,¥100,圆满完成
【教育培训】算法设计3,720人,1人,¥550,圆满完成
【数据录入】信息数据录入之307,167人,1人,¥100,圆满完成
【数据录入】数据录入之9,169人,1人,¥50,圆满完成
【数据录入】信息数据录入之306,194人,1人,¥1000,圆满完成
,,,,
【数据录入】数据录入之8,124人,1人,¥50,圆满完成
【数据录入】数据录入之7,92人,1人,¥100,圆满完成
【数据录入】信息数据录入之305,145人,1人,¥1000,圆满完成
【数据录入】数据录入之5,125人,1人,¥100,圆满完成
【代办/跑腿】网上代购,213人,1人,¥72,圆满完成
【代办/跑腿】代购商品,221人,1人,¥72,圆满完成
【数据录入】数据录入之4,102人,1人,¥100,圆满完成
【数据录入】数据录入之3,125人,1人,¥100,圆满完成
【销售/经纪人】代购商品,739人,1人,¥96,圆满完成
【销售/经纪人】网上商品代购,636人,1人,¥94,圆满完成
【代办/跑腿】网上代购商品,336人,1人,¥93,圆满完成
【教育培训】算法设计2,763人,1人,¥550,圆满完成
【数据录入】数据录入之2,184人,1人,¥50,圆满完成
【数据录入】信息数据录入之304,135人,1人,¥100,圆满完成
【数据录入】信息数据录入之303,317人,1人,¥200,圆满完成
【数据录入】信息数据录入之302,179人,1人,¥1000,圆满完成
【教育培训】算法设计1,816人,1人,¥550,圆满完成
【数据录入】信息数据录入之301,190人,1人,¥1000,圆满完成
【数据录入】信息数据录入之300,186人,1人,¥1000,圆满完成
【代办/跑腿】淘宝商品网上代购,366人,1人,¥31,圆满完成
【数据录入】信息数据录入之299,181人,1人,¥100,圆满完成
【数据录入】信息数据录入之298,201人,1人,¥500,圆满完成
【数据录入】信息数据录入之297,144人,1人,¥1000,圆满完成
【数据录入】信息数据录入之295,132人,1人,¥200,圆满完成
【数据录入】信息数据录入之294,188人,1人,¥1000,圆满完成
【数据录入】信息数据录入之293,383人,1人,¥50,圆满完成
【数据录入】信息数据录入之292,273人,1人,¥300,圆满完成
【数据录入】信息数据录入之291,164人,1人,¥500,圆满完成
【数据录入】信息数据录入之290,151人,1人,¥30,圆满完成
【数据录入】信息数据录入之289,148人,1人,¥200,圆满完成
,,,,
【数据录入】信息数据录入之287,169人,1人,¥1000,圆满完成
【英语】对产品手册进行翻译,474人,1人,¥1000,圆满完成
【数据录入】信息数据录入之286,238人,1人,¥100,圆满完成
【数据录入】信息数据录入之285,140人,1人,¥500,圆满完成
【数据录入】信息数据录入之284,160人,1人,¥100,圆满完成
【数据录入】信息数据录入之283,163人,1人,¥300,圆满完成
【数据录入】信息数据录入之282,107人,1人,¥300,圆满完成
【数据录入】信息数据录入之281,195人,1人,¥500,圆满完成
【数据录入】信息数据录入之279,270人,1人,¥300,圆满完成
【数据录入】信息数据录入之278,193人,1人,¥100,圆满完成
【数据录入】信息数据录入之277,189人,1人,¥400,圆满完成
【数据录入】信息数据录入之276,671人,1人,¥10,圆满完成
【数据录入】信息数据录入之275,299人,1人,¥300,圆满完成
【数据录入】信息数据录入之274,205人,1人,¥500,圆满完成
【数据录入】信息数据录入之273,143人,1人,¥500,圆满完成
【数据录入】信息数据录入之272,104人,1人,¥100,圆满完成
【数据录入】信息数据录入之271,132人,1人,¥300,圆满完成
【数据录入】信息数据录入之270,175人,1人,¥300,圆满完成
【数据录入】信息数据录入之269,152人,1人,¥300,圆满完成
【数据录入】信息数据录入之268,128人,1人,¥300,圆满完成
【数据录入】信息数据录入之267,252人,1人,¥300,圆满完成
【数据录入】信息数据录入之266,105人,1人,¥300,圆满完成
【数据录入】信息数据录入之265,146人,1人,¥300,圆满完成
【数据录入】信息数据录入之264,135人,1人,¥100,圆满完成
【数据录入】信息数据录入之263,153人,1人,¥100,圆满完成
【数据录入】信息数据录入之262,110人,1人,¥100,圆满完成
【数据录入】信息数据录入之261,912人,1人,¥4200,圆满完成
【数据录入】信息数据录入之260,1997人,1人,¥5000,圆满完成
【数据录入】信息数据录入之259,346人,1人,¥4000,圆满完成
【数据录入】信息数据录入之258,211人,1人,¥4000,圆满完成
,,,,
【数据录入】信息数据录入之257,159人,1人,¥100,圆满完成
【数据录入】信息数据录入之256,125人,1人,¥100,圆满完成
【数据录入】信息数据录入之255,155人,1人,¥100,圆满完成
【数据录入】信息数据录入之254,137人,1人,¥100,圆满完成
【数据录入】信息数据录入之253,149人,1人,¥100,圆满完成
【数据录入】信息数据录入之252,269人,1人,¥300,圆满完成
【数据录入】信息数据录入之251,131人,1人,¥100,圆满完成
【数据录入】信息数据录入之250,119人,1人,¥100,圆满完成
【数据录入】信息数据录入之249,165人,1人,¥100,圆满完成
【数据录入】信息数据录入之248,113人,1人,¥100,圆满完成
【数据录入】信息数据录入之247,112人,1人,¥100,圆满完成
【数据录入】信息数据录入之246,207人,1人,¥3550,圆满完成
【数据录入】信息数据录入之245,226人,1人,¥2550,圆满完成
【文化艺术服务】要求原创的文化创作,981人,1人,¥2600,圆满完成
【数据录入】信息数据录入之244,208人,1人,¥3060,圆满完成
【数据录入】信息数据录入之243,240人,1人,¥1947,圆满完成
【数据录入】信息数据录入之242,5430人,1人,¥6120,圆满完成
【印刷出版】年会物料设计,516人,1人,¥7000,圆满完成
【数据录入】内部网站数据录入,334人,1人,¥500,圆满完成
【数据录入】信息数据录入之240,209人,1人,¥2900,圆满完成
【数据录入】信息数据录入之239,145人,1人,¥1900,圆满完成
【数据录入】信息数据录入之238,343人,1人,¥14,圆满完成
【家教辅导】初中一年级语文辅导,2185人,1人,¥40,圆满完成
【数据录入】信息数据录入之237,396人,1人,¥60,圆满完成
【数据录入】Excel信息录入之236,234人,1人,¥3000,圆满完成
【数据录入】信息数据录入之235,278人,1人,¥40,圆满完成
【数据录入】Excel信息录入之234,318人,1人,¥910,圆满完成
【数据录入】信息录入之233,292人,1人,¥40,圆满完成
【数据录入】4000个数据录入,697人,1人,¥820,圆满完成
【数据录入】10000个数据录入,282人,1人,¥100,圆满完成
,,,,
【数据录入】根据内容进行数据录入,269人,1人,¥121,圆满完成
【数据录入】简单数据录入,476人,1人,¥293,圆满完成
【数据录入】商务网站后台代理维护[七月],200人,1人,¥455,圆满完成
【教育培训】英语口语练习,990人,1人,¥20,圆满完成
【印刷出版】产品设计要简单大方,860人,1人,¥600,圆满完成
【文化艺术服务】服务费用,871人,1人,¥29087,圆满完成
【文化艺术服务】帮助,874人,1人,¥3005,圆满完成
【字幕翻译】翻译字幕制作,2126人,1人,¥20,圆满完成
【字幕翻译】翻译字幕文件,2383人,1人,¥150,圆满完成
,,,,
