ID,Name
人脸识别,人脸识别
图像识别,图像识别
数据处理,数据处理
AI接口,AI接口
智能体训练,智能体训练
AI模型训练,AI模型训练
AI课程培训,AI课程培训
数据分析,数据分析
AI实战项目,AI实战项目
AI知识库,AI知识库
智能体模板,智能体模板
数据标注,数据标注
AI聊天机器人,AI聊天机器人
Chatgpt,Chatgpt
AI系统集成,AI系统集成
语音识别,语音识别
模型调优,模型调优
AI数字人,AI数字人
AI算法开发,AI算法开发
AI写作,AI写作
AIGC技术,AIGC技术
其他人工智能,其他人工智能
大模型应用,大模型应用
AI服务咨询,AI服务咨询
私有化部署,私有化部署
智能体搭建,智能体搭建
智能客服,智能客服
AI设计,AI设计
小程序开发,小程序开发
其他软件开发,其他软件开发
运维服务,运维服务
采集工具,采集工具
APP开发,APP开发
软件UI设计,软件UI设计
脚本开发,脚本开发
定制开发,定制开发
阅读/图像,阅读/图像
响应式网站,响应式网站
H5开发,H5开发
APP界面设计,APP界面设计
ERP系统,ERP系统
其他管理软件,其他管理软件
网站二次开发,网站二次开发
微信开发,微信开发
外贸网站,外贸网站
门户网站,门户网站
手游开发,手游开发
系统工具,系统工具
前端开发,前端开发
页游/端游开发,页游/端游开发
电商网站,电商网站
网站UI设计,网站UI设计
产品原型设计,产品原型设计
后端开发,后端开发
游戏建模,游戏建模
企业官网,企业官网
电子设备,电子设备
其他网站,其他网站
API接口,API接口
手机网站,手机网站
物联网,物联网
嵌入式软件,嵌入式软件
产品卖点,产品卖点
公司起名,公司起名
品牌起名,品牌起名
广告口号,广告口号
营销推广软文,营销推广软文
广告策划,广告策划
编辑校对,编辑校对
项目策划,项目策划
宣传策划,宣传策划
招商加盟,招商加盟
服务人员,服务人员
网络接单,网络接单
SEO排名优化,SEO排名优化
APP推广,APP推广
微信推广,微信推广
问卷调查,问卷调查
效果图设计,效果图设计
展台展厅,展台展厅
别墅设计,别墅设计
施工图设计,施工图设计
门头设计,门头设计
酒店宾馆,酒店宾馆
商业建筑,商业建筑
商业空间,商业空间
动画制作,动画制作
剪辑服务,剪辑服务
影视拍摄,影视拍摄
二维动画,二维动画
视频定制,视频定制
其他短视频,其他短视频
创意类视频创作,创意类视频创作
三维动画,三维动画
后期制作,后期制作
产品视频,产品视频
LOGO设计,LOGO设计
海报设计,海报设计
包装设计,包装设计
宣传册设计,宣传册设计
会员卡设计,会员卡设计
产品外观设计,产品外观设计
字体设计,字体设计
3D建模,3D建模
VI设计,VI设计
PPT设计,PPT设计
产品结构设计,产品结构设计
宣传单设计,宣传单设计
详情页设计,详情页设计
工业产品设计,工业产品设计
漫画设计,漫画设计
主图设计,主图设计
背景墙设计,背景墙设计
易拉宝/展架设计,易拉宝/展架设计
封面设计,封面设计
吉祥物设计,吉祥物设计
