ID,标题,价格,type,[z]
任务编号：977397,【书籍装帧】装帧设计版式设计,"¥13,422",订单,1
任务编号：977402,【响应式网站】生产管理系统,"¥29,447",订单,1
任务编号：977454,【营销推广软文】党建文化展示大纲,¥200,订单,1
任务编号：977455,【采集工具】数据采集工具,"¥2,000",订单,1
任务编号：977536,【其他网站】教育网站,"¥19,000",订单,1
任务编号：977537,【其他管理软件】订单管理系统,"¥29,000",订单,1
任务编号：977628,【手游开发】消消乐cocos游戏开发第一期,"¥2,500",订单,1
任务编号：977714,【门户网站】科普网站开发,"¥40,544",订单,1
任务编号：977761,【小程序开发】小区服务小程序开发,"¥20,000",订单,1
任务编号：977808,【LOGO设计】商标设计,"¥5,000",订单,1
任务编号：977830,【门户网站】期货推广页面开发,"¥2,000",订单,1
任务编号：977900,【APP开发】saas软件开发尾款,"¥46,000",订单,1
任务编号：977928,【微信开发】盲盒商城java管理后台和APP接口开发，参考乐米盲盒,"¥15,000",订单,1
任务编号：977935,【小程序开发】做手机端pc端落地页,"¥3,500",订单,1
任务编号：977949,【门户网站】外贸网站开发三期,"¥9,998",订单,1
任务编号：978002,【小程序开发】文本处理,¥500,订单,1
任务编号：978012,【APP开发】签到开发,"¥2,000",订单,1
任务编号：978039,【产品推广】中国大学课程慕课关注,"¥3,600",订单,1
任务编号：978050,【其他软件开发】12月基础服务器运维租赁费用,"¥49,999",订单,1
任务编号：978181,【排版设计】期刊版式设计,"¥9,470",订单,1
任务编号：978329,【H5开发】首页及任务大厅二开,"¥4,500",订单,1
任务编号：978486,【其他软件开发】工程建筑管理软件开发4期,"¥4,300",订单,1
任务编号：978510,【商城建设】外贸网站开发4期,"¥20,000",订单,1
任务编号：978562,【宣传策划】笔记本设计,¥200,订单,1
任务编号：978567,【小程序开发】物流平台➕小程序,"¥6,200",订单,1
任务编号：978626,【小程序开发】期货数据分析小程序,"¥26,800",订单,1
任务编号：978646,【微信推广】微信推广维护,"¥19,800",订单,1
任务编号：978707,【网站二次开发】根据文件里面的要求修改bug,"¥5,000",订单,1
任务编号：978750,【宣传册设计】画册设计,"¥4,800",订单,1
任务编号：978821,【H5开发】H5页面开发,"¥5,000",订单,1
任务编号：978875,【门户网站】OA系统开发一期,"¥5,000",订单,1
任务编号：978883,【VI设计】品牌形象设计,"¥2,000",订单,1
任务编号：978944,【彩页设计】杂志设计,"¥7,680",订单,1
任务编号：979008,【园林设计】旧厂区改造别墅小区,"¥1,700",订单,1
任务编号：979042,【软件UI设计】社交类软件UI设计,"¥1,800",订单,1
任务编号：979296,【APP开发】环保现场检查app安卓端开发--一期,"¥25,200",订单,1
任务编号：979447,【企业官网】哈哈哈哈,¥10,订单,1
任务编号：979481,【其他软件开发】手游电商平台自动发布上架软件,¥800,订单,1
任务编号：979673,【企业官网】公众号后续改进维护,"¥2,000",订单,1
任务编号：979722,【软件UI设计】大屏设计,"¥1,000",订单,1
任务编号：979747,【微信开发】小程序开发,"¥5,000",订单,1
任务编号：979839,【VI设计】餐馆VI设计,"¥8,500",订单,1
任务编号：979873,【LOGO设计】设计LOGO,"¥2,980",订单,1
任务编号：979917,【LOGO设计】LOGO颜色修改,¥11,订单,1
任务编号：979952,【动漫角色设计】元宇宙社交平台soul形象定制，人物捏脸,¥100,订单,1
任务编号：979972,【餐饮】点餐收银系统,"¥38,000",订单,1
任务编号：979998,【门户网站】万里书项目尾款,"¥1,800",订单,1
任务编号：980115,【LOGO设计】企业LOGO设计,¥600,订单,1
任务编号：980116,【门户网站】外贸网站开发尾款,"¥15,000",订单,1
任务编号：980187,【其他软件开发】wb128电商产品经理外包-王建3/3.,"¥10,000",订单,1
任务编号：980191,【企业宣传片】宣传片制作,"¥7,500",订单,1
任务编号：980312,【H5开发】软件开发,"¥8,000",订单,1
任务编号：980389,【产品外观设计】一个结构简单的效果图设计，申请专利用，黑白色,¥800,订单,1
任务编号：980471,【VI设计】大雁塔文化景区文创产品设计,"¥2,300",订单,1
任务编号：980547,【LOGO设计】logo设计,¥100,订单,1
任务编号：980638,【网站二次开发】BUG修复,"¥2,200",订单,1
任务编号：980696,【其他软件开发】wb301中燃koc升级项目后端2/3,"¥12,500",订单,1
任务编号：980923,【其他管理软件】业务应用系统开发一期,"¥25,000",订单,1
任务编号：980989,【APP开发】开发 > 软件开发 > APP开发,"¥1,000",订单,1
任务编号：980993,【企业官网】开发后端连接前端,"¥8,500",订单,1
任务编号：981016,【企业官网】仿制网站,"¥1,500",订单,1
任务编号：981086,【H5设计】首页设计,¥800,订单,1
任务编号：981087,【排版设计】网站内页排版，2期项目,¥600,订单,1
任务编号：981181,【运维服务】1月技术服务费用,"¥39,999",订单,1
任务编号：981189,【运维服务】1月服务器运维服务1,"¥5,000",订单,1
任务编号：981190,【运维服务】1月云服务器费用2,"¥9,999",订单,1
任务编号：981277,【小程序开发】房产类商城,"¥5,000",订单,1
任务编号：981399,【小程序开发】小程序二开,"¥2,500",订单,1
任务编号：981406,【LOGO设计】logo设计,¥150,订单,1
任务编号：981483,【排版设计】期刊排版设计,"¥7,500",订单,1
任务编号：981622,【专业代笔】负责APP推广，已经谈好,¥950,订单,1
任务编号：981706,【LOGO设计】花卉公司商标设计,"¥4,950",订单,1
任务编号：981716,【其他软件开发】小工具制作,¥300,订单,1
任务编号：981757,【小程序开发】统一部署门店数据接驳传输,"¥16,400",订单,1
任务编号：981763,【画册设计】产品宣传画册,"¥5,120",订单,1
任务编号：981836,【嵌入式软件】嵌入式软件开发一期,"¥35,000",订单,1
任务编号：981934,【包装设计】沐浴香波,¥600,订单,1
任务编号：981947,【游戏建模】次世代,¥500,订单,1
任务编号：982021,【排版设计】2022年2月刊排版设计,"¥6,528",订单,1
任务编号：982032,【海报设计】魔法表情,¥60,订单,1
任务编号：982075,【LOGO设计】LOGO设计,"¥2,880",订单,1
任务编号：982089,【APP开发】电气APP接口调用,"¥2,000",订单,1
任务编号：982170,【其他网站】[网站定制]教育网站,"¥30,000",订单,1
任务编号：982180,【商城建设】嵌入式软件开发二期,"¥25,000",订单,1
任务编号：982297,【排版设计】商务杂志排版设计,"¥12,288",订单,1
任务编号：982393,【书籍装帧】简约书籍设计,"¥1,920",订单,1
任务编号：982400,【企业官网】按要求设计和写前端,"¥1,800",订单,1
任务编号：982409,【图像识别】软件开发,"¥3,500",订单,1
任务编号：982486,【包装设计】柠檬荷叶茶包装盒设计,¥500,订单,1
任务编号：982496,【商业建筑】网吧与电竞酒店,¥800,订单,1
任务编号：982643,【展台展厅】办公用品木板台历外观设计,"¥1,000",订单,1
任务编号：982709,【LOGO设计】宣传画册编排设计,"¥6,400",订单,1
任务编号：982773,【APP开发】bug修改,¥800,订单,1
任务编号：982796,【企业官网】部署搭建修改绑定,"¥2,000",订单,1
任务编号：982800,【产品卖点】PC18智能喷涂机产品文案策划,¥300,订单,1
任务编号：982834,【VI设计】服装品牌VI设计,"¥9,580",订单,1
任务编号：982994,【软件UI设计】数字乡村数据大屏第二版设计,"¥1,000",订单,1
任务编号：983005,【APP开发】嵌入式软件开发三期,"¥15,000",订单,1
任务编号：983035,【APP开发】RFID功能的APP开发,"¥6,000",订单,1
任务编号：983050,【手机网站】微信 公众号里支付、分享、登录,"¥4,000",订单,1
任务编号：983071,【小程序开发】做个工具类小程序,¥500,订单,1
任务编号：983141,【其他软件开发】脚本开发,"¥4,500",订单,1
任务编号：983142,【采集工具】京东-京任务电话采集软件,"¥4,000",订单,1
任务编号：983214,【定制开发】网站商城定制开发,"¥40,000",订单,1
任务编号：983238,【施工图设计】简中式装修设计效果（动态）,¥800,订单,1
任务编号：983428,【APP开发】WB222 3期BUG修复2/2,"¥15,000",订单,1
任务编号：983430,【APP开发】wb210直播模块开发第三期,"¥15,000",订单,1
任务编号：983496,【品牌策划】公司品牌营销方案,¥980,订单,1
任务编号：983743,【英语】视频脚本中文内容翻译成英文,¥220,订单,1
任务编号：983818,【APP开发】VMware Santos 安装 scp,¥500,订单,1
任务编号：983870,【APP开发】小程序源码开发,¥10,订单,1
任务编号：983876,【APP开发】休闲体育赛事资讯开发【一期】,"¥17,500",订单,1
任务编号：983885,【VI设计】微信小程序UI/UX设计,¥500,订单,1
任务编号：983888,【礼品设计】魔法,¥90,订单,1
任务编号：983946,【小程序开发】商城小程序二开,"¥1,050",订单,1
任务编号：983947,【其他软件开发】无效链接检测,"¥4,200",订单,1
任务编号：984051,【其他软件开发】excel操作软件,¥800,订单,1
任务编号：984169,【LOGO设计】动态logo设计海报名片公司企业标志产品商标品牌VI诊断,¥299,订单,1
任务编号：984184,【LOGO设计】地方特产品牌LOGO设计,"¥5,000",订单,1
任务编号：984356,【彩页设计】一个宣传彩页,¥200,订单,1
任务编号：984506,【APP开发】脚本软件开发,"¥1,500",订单,1
任务编号：984633,【彩页设计】月刊设计排版,"¥5,760",订单,1
任务编号：984833,【画册设计】产品画册设计,"¥6,912",订单,1
任务编号：985041,【OA系统】教培行业课消管理系统结构（一阶段）,"¥13,500",订单,1
任务编号：985126,【其他软件开发】嵌入式软件开发四期,"¥25,000",订单,1
任务编号：985134,【商城建设】电商平台及APP开发及后期宣传营销维护一期,"¥55,221",订单,1
任务编号：985145,【其他软件开发】脚本开发,¥600,订单,1
任务编号：985237,【书籍装帧】书本装帧排版设计,"¥8,960",订单,1
任务编号：985250,【企业官网】物业管理系统定制,"¥20,000",订单,1
任务编号：985255,【APP开发】银行app、理财app,"¥30,000",订单,1
任务编号：985321,【商城建设】项目测试调整,"¥9,500",订单,1
任务编号：985329,【其他软件开发】电视台小程序开发及21年尾款结算,"¥8,400",订单,1
任务编号：985334,【LOGO设计】农庄LOGO设计,"¥4,980",订单,1
任务编号：985368,【园林设计】CAD画图,¥300,订单,1
任务编号：985382,【APP开发】上号器,"¥5,000",订单,1
任务编号：985428,【手机网站】微物业,"¥6,000",订单,1
任务编号：985530,【排版设计】中文商标用吉立能，英文商标用CPY,¥500,订单,1
任务编号：985621,【定制开发】采购网站开发,"¥5,000",订单,1
任务编号：985637,【书籍装帧】商务杂志,"¥10,240",订单,1
任务编号：985645,【包装设计】食品包装设计,"¥3,600",订单,1
任务编号：985667,【其他软件开发】嵌入式软件开发尾款,"¥25,000",订单,1
任务编号：985822,【包装设计】茉莉花、洛神花标签设计,¥800,订单,1
任务编号：985859,【其他软件开发】2月云服务器费用,"¥40,000",订单,1
任务编号：985882,【金融】金融类小程序开发,"¥20,000",订单,1
任务编号：985892,【网站UI设计】公司门户网站UI设计,"¥8,000",订单,1
任务编号：985901,【定制开发】电商定制网站开发,"¥50,000",订单,1
任务编号：985975,【展台展厅】毛坯房设计,"¥3,500",订单,1
任务编号：986004,【VI设计】logo设计,"¥1,000",订单,1
任务编号：986064,【VI设计】家装公司VI设计,"¥8,800",订单,1
任务编号：986130,【宣传册设计】宣传画册排版设计,"¥5,280",订单,1
任务编号：986141,【APP界面设计】公益性质的小程序,"¥2,000",订单,1
任务编号：986158,【LOGO设计】动态logo设计海报名片公司企业标志产品商标品牌VI诊断,¥500,订单,1
任务编号：986197,【小程序开发】微信小程序开发,"¥5,000",订单,1
任务编号：986240,【微信开发】咨询网站和付费模块搭建,"¥8,500",订单,1
任务编号：986250,【其他软件开发】线上行为实验平台（付费任务）,"¥23,500",订单,1
任务编号：986401,【LOGO设计】文化科技公司商标设计,"¥5,000",订单,1
任务编号：986408,【展台展厅】需要设计一小面展厅墙的摆放设计 包括海报,¥100,订单,1
任务编号：986421,【视频定制】需求室内设计效果图,¥100,订单,1
任务编号：986471,【排版设计】2022年3月刊排版设计,"¥6,528",订单,1
任务编号：986571,【网站二次开发】phptp框架修改,¥360,订单,1
任务编号：986596,【书籍装帧】装帧及排版设计,"¥7,580",订单,1
任务编号：986621,【项目管理软件】项目管理软件开发,"¥50,000",订单,1
任务编号：986640,【商业提案】需要做LOGO,"¥20,000",订单,1
任务编号：986672,【其他软件开发】报价软件、自动打印软件及相关的ERP系统,"¥35,000",订单,1
任务编号：986702,【LOGO设计】LOGO设计卡通地产企业教育产品动态公司logo商标字体,¥300,订单,1
任务编号：986723,【脚本开发】二次开发,"¥6,500",订单,1
任务编号：986788,【公共场所】设计一小面展厅墙的摆放设计+海报【二期】,¥100,订单,1
任务编号：986790,【娱乐休闲】室内设计需求（二期）,¥100,订单,1
任务编号：986796,【定制开发】做一个法务公司的网站,"¥8,800",订单,1
任务编号：986826,【定制开发】二期系统，按照沟通好的来,¥105,订单,1
任务编号：986849,【其他软件开发】excel软件,¥500,订单,1
任务编号：986975,【APP开发】休闲体育赛事资讯开发【二期】,"¥10,500",订单,1
任务编号：986987,【网站UI设计】OA系统UI设计,"¥3,000",订单,1
任务编号：987002,【后期制作】阿胶五味糕,"¥1,000",订单,1
任务编号：987064,【办公空间】需要办公室装修 风格待定,¥100,订单,1
任务编号：987066,【展台展厅】室内设计效果图,¥100,订单,1
任务编号：987067,【餐饮饮食】设计一小面展厅墙的摆放设计+海报【三期】,¥100,订单,1
任务编号：987114,【定制开发】智慧社区系统开发一期款,"¥6,105",订单,1
任务编号：987123,【小程序开发】小程序开发,"¥2,500",订单,1
任务编号：987133,【定制开发】企业网站定制开发,"¥40,000",订单,1
任务编号：987366,【APP开发】安卓开发需求,"¥2,000",订单,1
任务编号：987471,【主图设计】AMZ主图，A+设计,¥500,订单,1
任务编号：987497,【海报设计】平面包月,"¥1,200",订单,1
任务编号：987513,【前端开发】wb211 WEPY小程序开发4/4,"¥1,200",订单,1
任务编号：987581,【APP开发】APP首页和个人中心页面样式优化,"¥1,500",订单,1
任务编号：987684,【VI设计】企业VI,"¥9,000",订单,1
任务编号：987689,【LOGO设计】一汽党支部 logo设计,¥700,订单,1
任务编号：988046,【网站二次开发】php tp6动态理财 开发授权接口用户完成回调一期定金,"¥1,000",订单,1
任务编号：988106,【主图设计】AMZ主图，A+设计,¥500,订单,1
任务编号：988181,【小程序开发】增加功能,¥400,订单,1
任务编号：988182,【LOGO设计】餐饮业LOGO,"¥4,600",订单,1
任务编号：988394,【LOGO设计】医美商标设计,"¥5,000",订单,1
任务编号：988511,【LOGO设计】设计企业logo,¥800,订单,1
任务编号：988552,【APP开发】电商平台及APP开发及后期宣传营销维护二期,"¥55,627",订单,1
任务编号：988587,【响应式网站】tp6.0+bootstrap后台加3个页面功能开发,"¥1,050",订单,1
任务编号：988647,【其他软件开发】wb304全亿近效期商品促销需求变更修改（增加）,¥800,订单,1
任务编号：988715,【图像识别】图像识别软件开发一期,"¥20,000",订单,1
任务编号：988767,【排版设计】期刊排版设计,"¥7,920",订单,1
任务编号：988803,【LOGO设计】商标logo设计,"¥5,000",订单,1
任务编号：989114,【主图设计】AMZ设计,¥270,订单,1
任务编号：989266,【书籍装帧】商务杂志,"¥10,240",订单,1
任务编号：989269,【包装设计】芝士乳酪产品包装设计,¥350,订单,1
任务编号：989388,【企业官网】企业网站开发,"¥2,000",订单,1
任务编号：989471,【书籍装帧】画册设计  企业画册设计  产品画册设计  宣传画册设计,¥500,订单,1
任务编号：989498,【园林设计】不可抄袭，作假,"¥1,800",订单,1
任务编号：989906,【包装设计】宠物胸背,¥600,订单,1
任务编号：989941,【定制开发】直播弹幕互动,"¥11,000",订单,1
任务编号：990083,【运维服务】3月云服务器费用,"¥22,222",订单,1
任务编号：990084,【运维服务】3月云服务器流量+技术服务费,"¥26,666",订单,1
任务编号：990127,【LOGO设计】商城LOGO设计,"¥5,000",订单,1
任务编号：990142,【其他软件开发】gp软件,"¥2,000",订单,1
任务编号：990153,【海报设计】平面包月,"¥1,200",订单,1
任务编号：990164,【其他工具软件】探探脚本开发,¥500,订单,1
任务编号：990216,【小程序开发】复制小程序,"¥2,000",订单,1
任务编号：990389,【其他软件开发】园林系统,"¥8,000",订单,1
任务编号：990419,【手机网站】问答开发,¥900,订单,1
任务编号：990462,【APP开发】商城APP二次开发,"¥4,000",订单,1
任务编号：990496,【产品外观设计】产品外观设计,¥250,订单,1
任务编号：990556,【画册设计】产品画册排版设计,"¥5,120",订单,1
任务编号：990610,【其他工具软件】Newegg实时调价工具,"¥3,500",订单,1
任务编号：990654,【响应式网站】H5前端页面html+css+js,"¥1,200",订单,1
任务编号：990831,【商城建设】网站开发,"¥6,000",订单,1
任务编号：990877,【APP开发】图像识别软件开发二期,"¥30,000",订单,1
任务编号：990880,【小程序开发】网上祭祀公众号小程序搭建,"¥5,000",订单,1
任务编号：990918,【其他软件开发】FB营销软件定制多线程自动控制,"¥3,000",订单,1
任务编号：990957,【VI设计】农业商城VI设计任务1,"¥1,000",订单,1
任务编号：991138,【APP开发】模仿杰夫与友开发安卓版本的广告素材编辑器,"¥15,000",订单,1
任务编号：991181,【画册设计】画册设计 宣传册设计,"¥1,000",订单,1
任务编号：991213,【公众号推广】制作公众号,"¥1,000",订单,1
任务编号：991231,【APP开发】APP功能优化,"¥1,000",订单,1
任务编号：991248,【包装设计】不干胶贴,¥200,订单,1
任务编号：991267,【网站UI设计】设计三个界面app的,¥300,订单,1
任务编号：991285,【PPT设计】品牌策划,¥990,订单,1
任务编号：991352,【彩页设计】产品说明书,"¥5,440",订单,1
任务编号：991400,【定制开发】php网站实现特定功能,"¥1,500",订单,1
任务编号：991472,【前端开发】后台系统前端开发制作第一笔预付款,"¥1,500",订单,1
任务编号：991535,【网站UI设计】家装小程序UI设计,"¥2,500",订单,1
任务编号：991667,【详情页设计】S修色,¥425,订单,1
任务编号：991671,【海报设计】折页,¥100,订单,1
任务编号：991813,【H5设计】企业网站版面设计PSD,¥500,订单,1
任务编号：991826,【VI设计】VI设计,"¥9,168",订单,1
任务编号：991899,【APP开发】APP二开项目,"¥6,000",订单,1
任务编号：992016,【后期制作】视频声音画面不同步，调整一下,¥100,订单,1
任务编号：992152,【定制开发】发布类小程序,"¥8,000",订单,1
任务编号：992180,【定制开发】企业网站定制开发,"¥35,000",订单,1
任务编号：992192,【产品外观设计】高端新国潮眼镜外观创意设计,"¥3,000",订单,1
任务编号：992214,【手机网站】网站定制开发,"¥4,300",订单,1
任务编号：992244,【网站二次开发】商城二次开发,"¥5,000",订单,1
任务编号：992249,【网站二次开发】小程序预约功能,"¥3,000",订单,1
任务编号：992305,【彩页设计】2022年4月刊设计排版,"¥8,448",订单,1
任务编号：992406,【LOGO设计】LOGO设计,"¥4,980",订单,1
任务编号：992562,【小程序开发】基于客户提供的人人商城上做后续开发,"¥6,000",订单,1
任务编号：992577,【响应式网站】H5前端页面html+css+js,¥380,订单,1
任务编号：992605,【小程序开发】小程序维护,¥150,订单,1
任务编号：992707,【软件UI设计】UI设计,"¥2,000",订单,1
任务编号：992879,【LOGO设计】设计公司标志,"¥3,500",订单,1
任务编号：992977,【APP开发】图像识别软件开发三期,"¥20,000",订单,1
任务编号：993076,【LOGO设计】LOGO修改,¥75,订单,1
任务编号：993259,【APP开发】休闲体育赛事资讯开发【三期】,"¥15,000",订单,1
任务编号：993274,【包装设计】茯苓、枣片、百合标签设计,"¥1,200",订单,1
任务编号：993508,【详情页设计】保温壶详情页设计,¥75,订单,1
任务编号：993542,【企业宣传片】AE,"¥1,000",订单,1
任务编号：993604,【网站UI设计】网站设计,¥600,订单,1
任务编号：993606,【网站UI设计】网站设计,¥600,订单,1
任务编号：993699,【其他工具软件】喷涂机对接程序开发,"¥4,000",订单,1
任务编号：993872,【运维服务】软件开发,"¥3,100",订单,1
任务编号：993992,【脚本开发】图形图像大小,¥600,订单,1
任务编号：993993,【宣传册设计】宣传册设计,¥800,订单,1
任务编号：994007,【手游开发】手游后端+后台开发,"¥12,000",订单,1
任务编号：994011,【LOGO设计】梅花鹿logo制作,¥500,订单,1
任务编号：994140,【其他工业设计】渲染5张声波牙刷图，5个场景,¥300,订单,1
任务编号：994227,【APP开发】无忧管家系统===多商户商城/家政/装修/招投标,"¥4,800",订单,1
任务编号：994299,【彩页设计】杂志设计排版,"¥7,680",订单,1
任务编号：994380,【运维服务】4月运维技术支持云费用,"¥49,999",订单,1
任务编号：994439,【其他工业设计】产品渲染,¥100,订单,1
任务编号：994468,【书籍装帧】彩印书籍设计,"¥9,900",订单,1
任务编号：994567,【运维服务】4月人工开支费用,"¥9,999",订单,1
任务编号：994609,【LOGO设计】商标设计,"¥5,000",订单,1
任务编号：994629,【网站UI设计】【黑羽网络】量身设计/KV设计/LOGO设计/海报设计/,¥500,订单,1
任务编号：994636,【数据采集】信息采集比对和导出,¥800,订单,1
任务编号：994651,【商城建设】仿一个商城网站,"¥40,000",订单,1
任务编号：994702,【详情页设计】满足我的修改要求,¥30,订单,1
任务编号：994708,【宣传册设计】产品宣传画册,"¥5,632",订单,1
任务编号：994774,【定制开发】仿制共富天下app,"¥4,000",订单,1
任务编号：994841,【包装设计】网站轮播图设计三张,¥500,订单,1
任务编号：994856,【LOGO设计】奶茶店logo设计,"¥2,000",订单,1
任务编号：994892,【LOGO设计】小食LOGO设计,"¥3,600",订单,1
任务编号：995065,【其他管理软件】业务应用系统开发二期,"¥25,000",订单,1
任务编号：995089,【包装设计】系列产品包装设计,"¥6,000",订单,1
任务编号：995171,【书籍装帧】2022年5月刊设计,"¥8,500",订单,1
任务编号：995191,【响应式网站】H5前端页面切图html+css+js,¥300,订单,1
任务编号：995195,【包装设计】凉拌饸络包装盒,¥500,订单,1
任务编号：995214,【3D建模】精模建模,¥500,订单,1
任务编号：995220,【VI设计】企业vi设计套餐G,"¥13,800",订单,1
任务编号：995256,【园林设计】要求店面设计布局软装有：炸鸡冷饮区，零食区，打印复印区。,¥150,订单,1
任务编号：995278,【LOGO设计】设计LOGO,"¥1,800",订单,1
任务编号：995308,【宣传册设计】医疗行业微流控芯片，POCT.  体外诊断OEM制造,"¥1,000",订单,1
任务编号：995318,【包装设计】产品彩盒包装设计,¥100,订单,1
任务编号：995319,【其他工业设计】渲染产品,¥100,订单,1
任务编号：995352,【响应式网站】H5前端页面切图html+css+js,¥50,订单,1
任务编号：995357,【其他软件开发】前端和后端开发,"¥2,500",订单,1
任务编号：995405,【响应式网站】www.zhongqicai.cn开发,¥300,订单,1
任务编号：995653,【其他软件开发】喷码机Modbus对接第二笔费用托管,"¥10,000",订单,1
任务编号：995695,【LOGO设计】品牌LOGO设计,¥350,订单,1
任务编号：995725,【LOGO设计】品牌LOGO设计,¥345,订单,1
任务编号：995733,【包装设计】茶叶系列包装设计,"¥5,850",订单,1
任务编号：995772,【包装设计】猫砂，撞色包装设计,¥700,订单,1
任务编号：995872,【H5开发】可视化页面前端+绑接口开发,"¥2,000",订单,1
任务编号：995898,【其他软件开发】技能大赛系统,"¥20,000",订单,1
任务编号：996097,【详情页设计】设计出ppt,¥200,订单,1
任务编号：996375,【手游开发】现有游戏,"¥5,000",订单,1
任务编号：996386,【手游开发】现有游戏1,"¥30,000",订单,1
任务编号：996415,【海报设计】平面包月,"¥2,400",订单,1
任务编号：996416,【LOGO设计】汇银资本logo升级,"¥1,000",订单,1
任务编号：996444,【彩页设计】产品画册,"¥3,600",订单,1
任务编号：996476,【手机网站】手机pc自适应页面搜索功能,¥700,订单,1
任务编号：996488,【定制开发】外包网站,"¥3,000",订单,1
任务编号：996492,【网站二次开发】第一期需求测试,"¥1,500",订单,1
任务编号：996587,【APP开发】app定制开发,"¥5,000",订单,1
任务编号：996643,【APP开发】图像识别软件开发四期,"¥5,000",订单,1
任务编号：996802,【VI设计】设计企业VI,"¥9,680",订单,1
任务编号：996810,【企业官网】2期业务，排版2个页面，不需要响应式，分开排版即可,¥300,订单,1
任务编号：996813,【排版设计】5月期刊排版设计,"¥7,656",订单,1
任务编号：996893,【物联网】智能快递柜集成电路开发,"¥10,400",订单,1
任务编号：997036,【其他软件开发】图像识别软件开发尾款,"¥10,000",订单,1
任务编号：997060,【采集工具】短视频平台直播间采集私信艾特(第一期),"¥14,500",订单,1
任务编号：997082,【小程序开发】小程序修改,¥800,订单,1
任务编号：997400,【其他软件开发】京东价格监控软件开发,"¥6,000",订单,1
任务编号：997581,【脚本开发】js文件解密,"¥10,000",订单,1
任务编号：997670,【包装设计】IP设计三套动作,"¥1,000",订单,1
任务编号：997676,【企业宣传片】企业宣传片摄制,"¥43,250",订单,1
任务编号：997681,【其他网站】商城网站开发,"¥38,000",订单,1
任务编号：997759,【其他软件开发】短视频平台直播间采集私信艾特(第二期),"¥6,000",订单,1
任务编号：997767,【APP开发】app定制开发尾款,"¥10,000",订单,1
任务编号：997871,【定制开发】防伪查询系统,"¥4,000",订单,1
任务编号：997893,【采集工具】短视频平台直播间采集私信艾特(第三期),"¥4,000",订单,1
任务编号：998094,【网站UI设计】数字藏品八个界面设计,"¥1,200",订单,1
任务编号：998099,【软件UI设计】ui设计,"¥2,000",订单,1
任务编号：998140,【APP开发】筛选软件开发,"¥2,000",订单,1
任务编号：998141,【后端开发】修改电商系统,"¥5,000",订单,1
任务编号：998179,【小程序开发】小程序前端功能开发+接口绑定,"¥7,000",订单,1
任务编号：998228,【其他软件开发】小程序后台管理+小程序接口开发,"¥8,000",订单,1
任务编号：998234,【企业官网】网站新闻,"¥1,230",订单,1
任务编号：998573,【APP开发】需要拼多多数据,¥800,订单,1
任务编号：998574,【网站UI设计】ui设计,"¥1,200",订单,1
任务编号：998769,【分销管理软件】分销管理软件开发一期,"¥30,000",订单,1
任务编号：998956,【其他软件开发】无效链接检测定制,"¥1,800",订单,1
任务编号：998967,【小程序开发】参靠app做的小程序预付款,"¥3,000",订单,1
任务编号：999010,【定制开发】网站平台开发,"¥14,680",订单,1
任务编号：999076,【宣传策划】在原有订单基础上增加PPT视频页面,¥200,订单,1
任务编号：999088,【包装设计】狗粮外包装设计,"¥1,200",订单,1
任务编号：999116,【其他网站】网站搭建,"¥12,000",订单,1
任务编号：999213,【LOGO设计】logo设计,"¥3,980",订单,1
任务编号：999223,【财务管理系统】财务管理系统开发一期,"¥32,011",订单,1
任务编号：999231,【小程序开发】人脸识别小程序,"¥3,500",订单,1
任务编号：999233,【包装设计】多门店商城轮播图设计,¥400,订单,1
任务编号：999238,【VI设计】VI套餐G+包装套餐六,"¥19,680",订单,1
任务编号：999278,【彩页设计】宣传册排版设计,"¥9,600",订单,1
任务编号：999381,【排版设计】使用手册,"¥5,450",订单,1
任务编号：999458,【LOGO设计】安保公司LOGO及基础VI设计,"¥6,000",订单,1
任务编号：999519,【运维服务】5月人工开支费用,"¥22,222",订单,1
任务编号：999520,【IT解决方案】5月就解决方案支费用,"¥40,000",订单,1
任务编号：999540,【网站二次开发】第二期工作,"¥1,500",订单,1
任务编号：999572,【定制开发】性格测试,"¥3,000",订单,1
任务编号：999634,【小程序开发】题库小程序开发,"¥3,000",订单,1
任务编号：999779,【包装设计】包装礼盒设计,"¥5,880",订单,1
任务编号：999786,【三维动画】三维动画制作,"¥16,800",订单,1
任务编号：999789,【APP界面设计】小程序首页设计,¥350,订单,1
任务编号：999871,【海报设计】包月,"¥1,200",订单,1
任务编号：999937,【定制开发】会员系统费用结算,"¥3,000",订单,1
任务编号：1000054,【LOGO设计】公司标志及名片设计,"¥2,800",订单,1
任务编号：1000323,【书籍装帧】书本装帧排版设计,"¥5,985",订单,1
任务编号：1000351,【动画设计】MG动画制作,"¥24,750",订单,1
任务编号：1000370,【LOGO设计】需要创新广告设计,"¥23,000",订单,1
任务编号：1000422,【插画设计】雅连女着白大褂授课形象,¥400,订单,1
任务编号：1000495,【产品外观设计】产品包装设计,"¥1,500",订单,1
任务编号：1000496,【网站二次开发】商城二次开发,"¥3,000",订单,1
任务编号：1000560,【广告设计】公司系列宣传品设计,"¥5,500",订单,1
任务编号：1000572,【物业管理软件】物业管理软件开发一期,"¥10,000",订单,1
任务编号：1000582,【微信开发】娱乐机器人开发,"¥5,000",订单,1
任务编号：1000656,【网站二次开发】安卓和ios原生app对接两个支付接口,"¥2,000",订单,1
任务编号：1000896,【LOGO设计】LOGO设计,"¥3,800",订单,1
任务编号：1001033,【SAAS软件】系统对接api,"¥1,500",订单,1
任务编号：1001128,【画册设计】企业画册设计,"¥1,500",订单,1
任务编号：1001300,【网站二次开发】niushop二开,"¥1,000",订单,1
任务编号：1001459,【排版设计】2022年6月期刊排版设计,"¥9,250",订单,1
任务编号：1001510,【包装设计】设计7款礼盒,"¥3,300",订单,1
任务编号：1001543,【画册设计】设计一本画册,"¥5,200",订单,1
任务编号：1001630,【书籍装帧】商务杂志装帧排版设计,"¥10,560",订单,1
任务编号：1001644,【VI设计】企业VI设计,"¥5,800",订单,1
任务编号：1001772,【网站二次开发】二开支付和合同部分内容,¥800,订单,1
任务编号：1001817,【门户网站】网站模板制作,"¥6,000",订单,1
任务编号：1001899,【APP界面设计】小程序首页设计,¥350,订单,1
任务编号：1002048,【微信开发】qq群机器人电脑版工具,"¥7,000",订单,1
任务编号：1002052,【小程序开发】小程序物联网对接,"¥3,000",订单,1
任务编号：1002076,【定制开发】防伪查询系统2,"¥2,300",订单,1
任务编号：1002261,【动漫角色设计】原画设计,¥800,订单,1
任务编号：1002280,【定制开发】聚合支付对接,"¥5,000",订单,1
任务编号：1002610,【小程序开发】生鲜冷冻APP,"¥6,500",订单,1
任务编号：1002818,【其他软件开发】DD373自动改价开发,"¥1,500",订单,1
任务编号：1002963,【SAAS软件】系统二次开发,"¥5,000",订单,1
任务编号：1003040,【门户网站】仿站,¥150,订单,1
任务编号：1003058,【包装设计】创意包装设计套餐六,"¥7,280",订单,1
任务编号：1003236,【网站二次开发】二期开发需求,¥500,订单,1
任务编号：1003262,【LOGO设计】logo设计，注册商标使用,¥500,订单,1
任务编号：1003326,【LOGO设计】applogo设计,¥299,订单,1
任务编号：1003390,【嵌入式软件】嵌入式软件开发一期,"¥49,999",订单,1
任务编号：1003457,【APP开发】ntf数字藏品app+小程序+web源码购买,"¥19,800",订单,1
任务编号：1003570,【门户网站】服务器续费+网站优化维护,"¥6,809",订单,1
任务编号：1003592,【H5设计】APP二次设计,"¥2,000",订单,1
任务编号：1003593,【APP开发】APP开发,"¥17,900",订单,1
任务编号：1003636,【LOGO设计】餐饮业LOGO设计,"¥3,680",订单,1
任务编号：1003708,【效果图设计】效果图,¥10,订单,1
任务编号：1003760,【排版设计】装帧排版设计,"¥5,980",订单,1
任务编号：1003843,【运维服务】6月基础服务器运维租赁费用,"¥49,999",订单,1
任务编号：1003869,【网站二次开发】网站开发API接口对接,"¥23,000",订单,1
任务编号：1003956,【API接口】6月人工开支费用,"¥19,999",订单,1
任务编号：1003958,【游戏其他】购买一套游戏源码,"¥37,000",订单,1
任务编号：1003986,【页游/端游开发】三人象棋,"¥18,500",订单,1
任务编号：1004011,【包装设计】土特产系列包装,"¥5,950",订单,1
任务编号：1004018,【VI设计】VI设计,"¥8,168",订单,1
任务编号：1004050,【小程序开发】直播开发｜APP直播｜网站直播｜小程序直播｜商城直播,"¥30,000",订单,1
任务编号：1004111,【宣传册设计】彩印宣传册设计,"¥6,400",订单,1
任务编号：1004118,【手游开发】微信小游戏,"¥9,000",订单,1
任务编号：1004184,【小程序开发】医院诊所挂号缴费系统在线门诊预约小程序医疗机构公众号软件开发,"¥10,000",订单,1
任务编号：1004189,【三维动画】挖掘机生产线三维动画制作,"¥32,450",订单,1
任务编号：1004246,【定制开发】商城网站,"¥15,000",订单,1
任务编号：1004254,【插画设计】插画漫画人物卡通形象ID吉祥物表情设计,¥400,订单,1
任务编号：1004322,【商城建设】前端页面,¥50,订单,1
任务编号：1004334,【响应式网站】前端开发vue切图web前端响应式h5大屏手机uniapp,"¥30,000",订单,1
任务编号：1004422,【图像识别】软件开发，ocr识别匹配上传,"¥2,500",订单,1
任务编号：1004488,【响应式网站】根据效果图，完成前端开发,"¥9,962",订单,1
任务编号：1004546,【响应式网站】前端开发vue切图web前端响应式h5大屏手机uniap,¥150,订单,1
任务编号：1004655,【APP开发】APP开发,"¥16,200",订单,1
任务编号：1004662,【VI设计】餐饮vi设计套餐E,"¥10,580",订单,1
任务编号：1004665,【三维动画】机械工业流程演示3D动画制作1分钟,"¥15,120",订单,1
任务编号：1004755,【整合营销】视频剪辑制作,"¥1,500",订单,1
任务编号：1004756,【整合营销】视频剪辑制作,"¥1,500",订单,1
任务编号：1004955,【排版设计】版式设计书籍排版,"¥6,400",订单,1
任务编号：1004959,【企业宣传片】企业宣传片制作定制,"¥37,900",订单,1
任务编号：1005105,【其他软件开发】分销管理软件开发二期,"¥20,000",订单,1
任务编号：1005120,【商城建设】手机页面开发,¥200,订单,1
任务编号：1005166,【LOGO设计】公司标志设计,"¥3,800",订单,1
任务编号：1005451,【其他软件开发】客户端监控踢人模块开发,"¥1,500",订单,1
任务编号：1005520,【APP开发】直播带货二开,"¥1,800",订单,1
任务编号：1005627,【包装设计】协商设计,"¥1,800",订单,1
任务编号：1005651,【小程序开发】理财游戏网站,"¥2,000",订单,1
任务编号：1005660,【微信开发】商城会员卡插件开发,"¥2,500",订单,1
任务编号：1005692,【小程序开发】陪诊预约,"¥10,000",订单,1
任务编号：1005885,【动画设计】mg动画普法教育,"¥20,160",订单,1
任务编号：1005897,【小程序开发】小程序页面调整,¥50,订单,1
任务编号：1005949,【其他网站】嵌入式软件开发二期,"¥14,550",订单,1
任务编号：1005957,【其他软件开发】嵌入式软件开发三期,"¥57,317",订单,1
任务编号：1005962,【区块链应用】区块链商城后端开发,"¥5,000",订单,1
任务编号：1006037,【手机网站】微信公众号,¥500,订单,1
任务编号：1006042,【插画设计】彩色简笔画,¥300,订单,1
任务编号：1006046,【FLASH制作】cta制作,"¥1,100",订单,1
任务编号：1006094,【书籍装帧】2022年7月刊设计,"¥14,400",订单,1
任务编号：1006184,【VI设计】餐饮品牌设计,"¥7,800",订单,1
任务编号：1006300,【排版设计】画册设计,"¥9,600",订单,1
任务编号：1006324,【VI设计】餐饮品牌设计,"¥9,412",订单,1
任务编号：1006328,【VI设计】系列包装+产品拍摄+品牌打造,"¥24,052",订单,1
任务编号：1006333,【VI设计】VIS设计套E,"¥7,880",订单,1
任务编号：1006446,【小程序开发】H5,"¥2,000",订单,1
任务编号：1006520,【小程序开发】手机页面调整,¥100,订单,1
任务编号：1006731,【小程序开发】简单小程序仿制,"¥4,500",订单,1
任务编号：1006736,【小程序开发】语聊小程序定制1,"¥4,000",订单,1
任务编号：1006926,【三维动画】三维动画演示,"¥12,320",订单,1
任务编号：1006927,【H5开发】手机页面开发,¥200,订单,1
任务编号：1007011,【LOGO设计】品牌取名+logo设计,"¥1,500",订单,1
任务编号：1007198,【VI设计】音乐餐厅品牌形象,"¥9,280",订单,1
任务编号：1007235,【H5开发】卡牌游戏来发,"¥7,200",订单,1
任务编号：1007241,【小程序开发】医院诊所挂号缴费系统在线门诊预约小程序医疗,"¥9,566",订单,1
任务编号：1007262,【小程序开发】根据ui制作页面,"¥4,130",订单,1
任务编号：1007361,【网站二次开发】律师网站手机端二次开发,"¥6,500",订单,1
任务编号：1007488,【H5开发】手机页面开发,¥200,订单,1
任务编号：1007509,【插画设计】彩色简图,¥300,订单,1
任务编号：1007616,【电商网站】vue切图,"¥27,000",订单,1
任务编号：1007743,【小程序开发】像素微信小程序开发,"¥4,500",订单,1
任务编号：1007747,【小程序开发】像素微信小程序开发,"¥3,000",订单,1
任务编号：1007852,【LOGO设计】申请资质文档需求,"¥3,000",订单,1
任务编号：1007892,【其他工具软件】股票盯盘小助手工具开发,"¥6,000",订单,1
任务编号：1007979,【插画设计】包装设计,¥800,订单,1
任务编号：1008118,【APP界面设计】医疗系统软件界面设计一套,"¥8,000",订单,1
任务编号：1008205,【网站二次开发】页面数据列表重新排版,¥100,订单,1
任务编号：1008235,【APP界面设计】小程序页面设计,"¥1,800",订单,1
任务编号：1008358,【网站二次开发】网站功能二次开发,¥300,订单,1
任务编号：1008448,【LOGO设计】农业科技公司LOGO,"¥3,500",订单,1
任务编号：1008573,【排版设计】月刊设计排版,"¥6,600",订单,1
任务编号：1008653,【小程序开发】网页的修改,¥660,订单,1
任务编号：1008744,【定制开发】小程序物联网对接,"¥1,500",订单,1
任务编号：1008769,【嵌入式软件】安卓嵌入式开发,"¥6,000",订单,1
任务编号：1008801,【企业官网】企业网站建设网站开发企业建站网站制作/php网站定制开发,"¥10,000",订单,1
任务编号：1008861,【图像识别】开发视频录制软件,"¥3,000",订单,1
任务编号：1008941,【包装设计】包装设计,"¥1,600",订单,1
任务编号：1008981,【运维服务】7月人工开支费用,"¥22,500",订单,1
任务编号：1008990,【运维服务】7月基础服务器运维租赁费用,"¥49,999",订单,1
任务编号：1009074,【小程序开发】门诊预约小程序医疗机构公众号软件开发,"¥3,000",订单,1
任务编号：1009087,【包装设计】食品包装设计,"¥5,400",订单,1
任务编号：1009100,【SAAS软件】all in系统开发,"¥7,000",订单,1
任务编号：1009113,【VR拍摄/制作】楼盘VR全景拍摄，10套样板间,"¥50,000",订单,1
任务编号：1009156,【APP开发】购买即时通讯系统源代码,"¥23,000",订单,1
任务编号：1009160,【画册设计】设计画册,"¥5,120",订单,1
任务编号：1009214,【定制开发】供应商管理系统,"¥3,500",订单,1
任务编号：1009220,【小程序开发】带后台心理测评有趣测试答题微信小程序 短视频点赞情感星座智商情商,"¥3,999",订单,1
任务编号：1009303,【商城建设】官网开发,"¥3,520",订单,1
任务编号：1009325,【其他内容创作】撰写研发技术战略PPT,"¥4,000",订单,1
任务编号：1009356,【SAAS软件】网址下载,"¥1,000",订单,1
任务编号：1009373,【企业官网】教育行业垂直门户网站开发,"¥40,000",订单,1
任务编号：1009397,【LOGO设计】logo设计,"¥3,800",订单,1
任务编号：1009412,【书籍装帧】书籍装帧及排版设计,"¥6,360",订单,1
任务编号：1009428,【海报设计】kaola,¥200,订单,1
任务编号：1009451,【办公空间】办公室，办公场所，会议室，接待室，茶室，效果图设计,"¥3,000",订单,1
任务编号：1009487,【电商网站】网站vue切图,"¥2,500",订单,1
任务编号：1009720,【APP开发】游戏加速器Android版,"¥10,000",订单,1
任务编号：1009763,【响应式网站】根据效果图完成前端代码,"¥3,500",订单,1
任务编号：1009816,【包装设计】包装设计服务,"¥3,000",订单,1
任务编号：1009907,【小程序开发】门诊预约小程序医疗机构,"¥3,800",订单,1
任务编号：1010159,【小程序开发】在线门诊预约小程序,"¥4,800",订单,1
任务编号：1010205,【软件UI设计】泰康医疗软件系统视觉UI设计,"¥30,000",订单,1
任务编号：1010334,【微信开发】​像素微信小程序游戏开发,"¥5,000",订单,1
任务编号：1010335,【微信开发】​像素微信小程序游戏开发,"¥5,000",订单,1
任务编号：1010346,【包装设计】包装设计,"¥1,000",订单,1
任务编号：1010397,【其他网站】定制开发,"¥5,000",订单,1
任务编号：1010502,【响应式网站】前端开发切图,"¥1,500",订单,1
任务编号：1010689,【书籍装帧】2022年8月刊排版设计,"¥14,500",订单,1
任务编号：1010745,【定制开发】秦映企业官网公司网站建设H5网页设计制作前端开发定制建站,¥50,订单,1
任务编号：1010787,【VI设计】公司LOGO及基础VI设计,"¥5,000",订单,1
任务编号：1010858,【画册设计】品牌画册设计,"¥9,800",订单,1
任务编号：1011035,【小程序开发】语聊小程序定制2,"¥4,000",订单,1
任务编号：1011038,【小程序开发】婚恋平台ui设计一套,"¥3,500",订单,1
任务编号：1011075,【外贸网站】定制一个外贸网站,¥100,订单,1
任务编号：1011194,【网站二次开发】评审系统二次开发,"¥1,750",订单,1
任务编号：1011200,【微信开发】商城小程序开发,"¥36,000",订单,1
任务编号：1011212,【定制开发】重新搭建站点,¥300,订单,1
任务编号：1011470,【商城建设】需要做一个商城，用现成的框架二开,"¥8,500",订单,1
任务编号：1011506,【定制开发】电商行业网站-有正常购物，后台，购物车，商品展示,¥200,订单,1
任务编号：1011579,【小程序开发】crmeb单商户v4分销开发,"¥6,000",订单,1
任务编号：1011669,【H5开发】小程序页面调整,¥300,订单,1
任务编号：1011701,【响应式网站】表单发送,¥200,订单,1
任务编号：1012248,【小程序开发】旅游定位讲解小程序全套代码及部署方案,"¥13,800",订单,1
任务编号：1012251,【定制开发】广告传媒企业官网,¥100,订单,1
任务编号：1012259,【小程序开发】小程序二次开发（二期）,"¥17,500",订单,1
任务编号：1012310,【海报设计】平面包月,"¥1,200",订单,1
任务编号：1012335,【定制开发】AWK学习系统-首付款,"¥10,000",订单,1
任务编号：1012408,【定制开发】新建一个化工企业的官网，包括基本功能,¥200,订单,1
任务编号：1012434,【响应式网站】BANNER及表单程序设计,¥250,订单,1
任务编号：1012435,【响应式网站】根据原型开发网页前端和弹出视频播放,"¥3,500",订单,1
任务编号：1012536,【网站二次开发】angular页面数据excel导出,¥300,订单,1
任务编号：1012554,【微信开发】微信机器人开发,"¥6,000",订单,1
任务编号：1012588,【其他软件开发】http隧道代理开发,"¥9,100",订单,1
任务编号：1012739,【响应式网站】H5前端页面切图html+css+js,¥300,订单,1
任务编号：1012753,【定制开发】建立一个化工类企业官网，要有基本的功能,¥300,订单,1
任务编号：1012827,【运维服务】8月基础服务器运维租赁费用,"¥49,999",订单,1
任务编号：1012883,【包装设计】地方特产包装设计,"¥3,500",订单,1
任务编号：1013011,【APP开发】旅游定位讲解app flutter全套代码,"¥9,000",订单,1
任务编号：1013050,【定制开发】网上水果超市网站建设,¥100,订单,1
任务编号：1013095,【LOGO设计】北京兴云智启数字科技有限公司logo设计,¥500,订单,1
任务编号：1013124,【小程序开发】分销商城,"¥12,000",订单,1
任务编号：1013148,【网站二次开发】系统尾款,"¥1,750",订单,1
任务编号：1013189,【定制开发】餐饮行业的企业官网-加盟,¥150,订单,1
任务编号：1013207,【书籍装帧】书籍装帧及排版设计,"¥6,500",订单,1
任务编号：1013467,【定制开发】建一个环保企业官网,¥100,订单,1
任务编号：1013599,【人力资源】公司岗位名称、头衔优化方案,¥100,订单,1
任务编号：1013678,【游戏UI设计】休闲游戏APP的UI设计,"¥4,500",订单,1
任务编号：1013775,【商业空间】设计制作垃圾分类效果图,"¥1,000",订单,1
任务编号：1013988,【APP开发】地方小型手游开发跑得快窝龙游戏开发,"¥25,000",订单,1
任务编号：1014097,【数据处理】区际、省际贸易流量和贸易成本数据计算,"¥2,000",订单,1
任务编号：1014102,【手机网站】助贷平台开发,"¥4,500",订单,1
任务编号：1014103,【门户网站】模板站制作,¥800,订单,1
任务编号：1014169,【网站UI设计】已经谈好需求,"¥1,000",订单,1
任务编号：1014177,【定制开发】数据收集系统,"¥4,700",订单,1
任务编号：1014206,【手机网站】前端页面调整,¥200,订单,1
任务编号：1014397,【网站UI设计】已经协商好，根据协商好的搞定,"¥3,000",订单,1
任务编号：1014472,【包装设计】零食包装礼盒,¥700,订单,1
任务编号：1014479,【手机网站】前端开发,¥200,订单,1
任务编号：1014721,【定制开发】新增两个产品详情页的网页,¥100,订单,1
任务编号：1014758,【网站UI设计】ui设计,"¥3,000",订单,1
任务编号：1014762,【网站UI设计】ui.设计啊,¥900,订单,1
任务编号：1015049,【VI设计】医疗器械品牌打造,"¥23,881",订单,1
任务编号：1015054,【VI设计】火锅品牌餐饮VI套餐D,"¥8,180",订单,1
任务编号：1015142,【其他工具软件】修改点餐系统,"¥4,500",订单,1
任务编号：1015245,【小程序开发】挂号缴费系统在线门诊预约小程序,"¥18,000",订单,1
任务编号：1015315,【微信开发】像素风小程序开发尾款,"¥5,000",订单,1
任务编号：1015338,【APP开发】生鲜百货酒水饮料预定系统在线点餐,"¥19,200",订单,1
任务编号：1015340,【小程序开发】带后台心理测评有趣测试答题微信小程序,"¥2,999",订单,1
任务编号：1015372,【其他网站】服务器漏洞修复,"¥6,000",订单,1
任务编号：1015429,【小程序开发】租车答题刷题电影跑腿废品回收企业小程序,"¥6,999",订单,1
任务编号：1015443,【APP开发】刷题做题考试小程序源码,"¥14,220",订单,1
任务编号：1015465,【小程序开发】带后台心理测评有趣测试答题微信小程序,"¥4,999",订单,1
任务编号：1015520,【VI设计】VI设计,"¥12,610",订单,1
任务编号：1015581,【FLASH制作】MG动画制作,"¥8,950",订单,1
任务编号：1015924,【定制开发】设计一个电子类页面，静态的,¥50,订单,1
任务编号：1015954,【定制开发】设计个家具网站,¥50,订单,1
任务编号：1016033,【小程序开发】原来的报名小程序二次开发,"¥1,500",订单,1
任务编号：1016143,【APP开发】健身社保APP开发第二笔,"¥8,000",订单,1
任务编号：1016202,【版权变更】变更办理,¥400,订单,1
任务编号：1016217,【定制开发】在线学习系统,"¥15,000",订单,1
任务编号：1016569,【数据处理】数据处理完善,¥600,订单,1
任务编号：1016773,【企业宣传片】企业宣传片摄制,"¥41,200",订单,1
任务编号：1016814,【小程序开发】dachexiaochengxukaifa,"¥18,999",订单,1
任务编号：1016826,【APP开发】商城小程序开发,"¥36,000",订单,1
任务编号：1017018,【定制开发】Java程序增加IP账号密码的配置保存查询功能。,"¥1,000",订单,1
任务编号：1017030,【小程序开发】单商户医药保健品商城小程序(不需要支付),"¥2,800",订单,1
任务编号：1017065,【APP开发】游戏玩法定制,"¥10,000",订单,1
任务编号：1017387,【包装设计】农产品包装设计,"¥4,000",订单,1
任务编号：1017453,【店铺装修】首页+内页设计需求,"¥1,350",订单,1
任务编号：1017548,【门户网站】公司官网开发,"¥2,000",订单,1
任务编号：1017647,【APP开发】供应链大宗商品交易界面开发和Demo验证,"¥7,000",订单,1
任务编号：1017661,【SAAS软件】中药馆saas系统,"¥20,000",订单,1
任务编号：1017713,【企业宣传片】视频拍摄剪辑,"¥1,400",订单,1
任务编号：1017809,【PPT设计】公司商务ppt设计,"¥2,100",订单,1
任务编号：1017909,【其他软件开发】域名查询,"¥2,000",订单,1
任务编号：1018204,【VI设计】品牌VI设计,"¥22,010",订单,1
任务编号：1018345,【3D建模】3D宗祠VR场景,"¥5,600",订单,1
任务编号：1018460,【书籍装帧】2022年10月刊设计,"¥10,560",订单,1
任务编号：1018473,【VI设计】装饰材料公司VI设计,"¥5,500",订单,1
任务编号：1018508,【包装设计】系列包装设计,"¥7,950",订单,1
任务编号：1018515,【插画设计】三国人物卡牌类形象设计,"¥1,300",订单,1
任务编号：1018601,【APP开发】打包商城app,"¥12,999",订单,1
任务编号：1018650,【小程序开发】语聊小程序定制3,"¥3,500",订单,1
任务编号：1018652,【小程序开发】邻家门禁小程序1,"¥4,700",订单,1
任务编号：1018763,【小程序开发】答题小程序维护,¥800,订单,1
任务编号：1018873,【3D建模】Q版模型,¥200,订单,1
任务编号：1018921,【数据处理】人像,¥100,订单,1
任务编号：1018979,【包装设计】老鹰茶包装盒封面设计,¥500,订单,1
任务编号：1019224,【APP开发】区块链盲盒 APP,"¥38,600",订单,1
任务编号：1019238,【动画设计】教育MG动画制作,"¥12,470",订单,1
任务编号：1019263,【VI设计】画册设计11页，包含图片处理，周四中午(2022年10月,"¥1,100",订单,1
任务编号：1019515,【APP界面设计】文艺小程序页面UI设计,¥800,订单,1
任务编号：1019659,【手机网站】微信公众号/小程序/H5定制开发/电脑端PC/移动端手机,¥900,订单,1
任务编号：1019688,【VI设计】佳和乳业，要做奶粉包装袋设计,"¥1,000",订单,1
任务编号：1019747,【APP开发】像素风小程序开发尾款,"¥2,500",订单,1
任务编号：1019760,【定制开发】开发项目：债易收,"¥8,800",订单,1
任务编号：1019801,【APP开发】APP管理后台BUG修复,"¥7,500",订单,1
任务编号：1019867,【VI设计】餐饮VI设计,"¥9,885",订单,1
任务编号：1020115,【APP开发】中国慕课关注,"¥4,200",订单,1
任务编号：1020184,【包装设计】酱板鸭胗,"¥1,000",订单,1
任务编号：1020216,【小程序开发】文艺小程序开发,"¥2,500",订单,1
任务编号：1020255,【三维动画】产品三维动画,"¥21,774",订单,1
任务编号：1020264,【微信开发】禾家找房小程序,"¥8,000",订单,1
任务编号：1020339,【APP开发】app开发生鲜超市app开发点餐app开发生活服务,"¥13,999",订单,1
任务编号：1020386,【APP开发】微信wifi共享小程序,"¥12,550",订单,1
任务编号：1020388,【包装设计】创意纸杯茶包装设计/系列包装/产品规划,"¥2,980",订单,1
任务编号：1020504,【运维服务】10月人工开支费用,"¥27,000",订单,1
任务编号：1020505,【运维服务】10月基础服务器运维租赁费用,"¥23,006",订单,1
任务编号：1020545,【彩页设计】产品画册设计,"¥6,300",订单,1
任务编号：1020743,【小程序开发】页面优化（已确定）,"¥1,000",订单,1
任务编号：1020795,【VI设计】VIS设计,"¥6,822",订单,1
任务编号：1020797,【LOGO设计】日用品牌设计,"¥5,000",订单,1
任务编号：1020799,【APP界面设计】海报设计,"¥1,000",订单,1
任务编号：1020832,【LOGO设计】公司LOGO设计,"¥3,800",订单,1
任务编号：1020888,【微信开发】刷题小程序,"¥6,000",订单,1
任务编号：1020923,【书籍装帧】杂志月刊设计,"¥9,600",订单,1
任务编号：1020965,【海报设计】平面包月,"¥1,200",订单,1
任务编号：1021050,【小程序开发】小程序仿站制作,"¥1,000",订单,1
任务编号：1021084,【工程造价】帮我做园林算量预算,¥200,订单,1
任务编号：1021185,【PPT设计】高校主题ppt,¥150,订单,1
任务编号：1021198,【小程序开发】微信已沟通，静态网页单页加动态效果,¥500,订单,1
任务编号：1021236,【微信开发】婚恋小程序全套代码,"¥5,950",订单,1
任务编号：1021237,【插画设计】日历插画需求,¥800,订单,1
任务编号：1021245,【插画设计】3L气泡酒套标设计,"¥1,500",订单,1
任务编号：1021276,【插画设计】插画设计,¥500,订单,1
任务编号：1021318,【插画设计】插画设计,¥800,订单,1
任务编号：1021407,【插画设计】插画设计,¥800,订单,1
任务编号：1021497,【其他软件开发】自动下载数据并对数据可视化处理,"¥1,600",订单,1
任务编号：1021547,【插画设计】插画设计,¥800,订单,1
任务编号：1021548,【插画设计】插画设计,¥800,订单,1
任务编号：1021549,【插画设计】插画设计,¥800,订单,1
任务编号：1021587,【微信开发】机器人,"¥1,300",订单,1
任务编号：1021615,【插画设计】去过很多城市插画设计,¥800,订单,1
任务编号：1021617,【插画设计】手中液滴声声插画设计,¥800,订单,1
任务编号：1021618,【插画设计】风雨后，我们创造了那些绚烂的色彩插画设计,¥800,订单,1
任务编号：1021620,【插画设计】我每一次做好万全的准备插画设计,¥800,订单,1
任务编号：1021693,【H5开发】基于fastAdmin开发,"¥2,100",订单,1
任务编号：1021724,【APP开发】直播帶貨+商城APP上架,"¥5,000",订单,1
任务编号：1021928,【微信开发】禾家看房程序开发,"¥14,400",订单,1
任务编号：1021932,【VI设计】烧烤店VI设计 套餐D,"¥8,180",订单,1
任务编号：1021985,【插画设计】勇敢前行插画设计,¥800,订单,1
任务编号：1022003,【APP开发】汇编microship芯片源码,"¥5,000",订单,1
任务编号：1022074,【小程序开发】手机行情小程序1,"¥4,990",订单,1
任务编号：1022076,【小程序开发】手机行情小程序2,"¥4,970",订单,1
任务编号：1022078,【小程序开发】岩板图库小程序,"¥1,500",订单,1
任务编号：1022118,【小程序开发】二手交易网站开发,"¥10,800",订单,1
任务编号：1022233,【H5开发】页面调整,¥100,订单,1
任务编号：1022362,【数据处理】数据爬虫,¥300,订单,1
任务编号：1022381,【小程序开发】微信开发微信小程序开发,"¥5,000",订单,1
任务编号：1022450,【书籍装帧】11月刊设计,"¥14,400",订单,1
任务编号：1022534,【其他网站】做一个一模一样的网站，顺便加点自己的东西,"¥15,500",订单,1
任务编号：1022535,【采集工具】手机号批量检测支付宝是否开通及昵称提取,"¥1,100",订单,1
任务编号：1022542,【产品外观设计】外壳设计,"¥5,000",订单,1
任务编号：1022576,【电商网站】需要商城app打包,"¥9,500",订单,1
任务编号：1022583,【APP开发】买一现成的saas,"¥15,999",订单,1
任务编号：1022594,【小程序开发】分销商城,"¥13,999",订单,1
任务编号：1022733,【小程序开发】商城小程序开发,"¥36,000",订单,1
任务编号：1022856,【宣传册设计】宣传册设计,"¥3,000",订单,1
任务编号：1022915,【电路设计】智慧农场,"¥5,000",订单,1
任务编号：1023134,【运维服务】研究平台开发维护（尾款）,"¥24,000",订单,1
任务编号：1023166,【小程序开发】手机页面开发,¥300,订单,1
任务编号：1023375,【H5开发】手机页面开发,¥300,订单,1
任务编号：1023428,【小程序开发】云打印三方接口调试,"¥1,600",订单,1
任务编号：1023520,【其他软件开发】开发项目oa软件开发,"¥2,400",订单,1
任务编号：1023652,【H5开发】Ｈ5页面开发,¥100,订单,1
任务编号：1023721,【插画设计】插画需求,"¥1,200",订单,1
任务编号：1023749,【LOGO设计】防火涂料企业官网设计,¥332,订单,1
任务编号：1023773,【LOGO设计】注册埃维塔商标第20、21、28类，详细见下方描述,"¥2,800",订单,1
任务编号：1023778,【后端开发】项目oa我的工作模块,"¥3,500",订单,1
任务编号：1023793,【APP开发】Google Play上架被拒解决方案,¥500,订单,1
任务编号：1023846,【小程序开发】分销商城开发,"¥8,000",订单,1
任务编号：1023854,【其他软件开发】问答平台搜集工具开发,"¥2,500",订单,1
任务编号：1023891,【响应式网站】前端开发vue切图web前端响应式h5大屏,"¥10,002",订单,1
任务编号：1023921,【画册设计】公司宣传画册设计,"¥6,900",订单,1
任务编号：1024025,【VI设计】服饰品牌设计,"¥8,600",订单,1
任务编号：1024037,【包装设计】系列产品包装设计,"¥4,500",订单,1
任务编号：1024137,【脚本开发】windows桌面应用,"¥5,000",订单,1
任务编号：1024180,【书籍装帧】一本书排版设计,"¥5,720",订单,1
任务编号：1024196,【彩页设计】杂志月刊编排设计,"¥9,500",订单,1
任务编号：1024364,【后端开发】项目oa流程开发,"¥1,200",订单,1
任务编号：1024433,【APP开发】刷题做题考试小程序源码线上答题教育,"¥23,999",订单,1
任务编号：1024449,【小程序开发】需要前端熟悉uni-app做单独一个模块的功能点,"¥3,000",订单,1
任务编号：1024620,【其他软件开发】BalloonShop登录开发,¥600,订单,1
任务编号：1024915,【包装设计】坚果包装设计,"¥1,998",订单,1
任务编号：1024920,【排版设计】设计两期电子版内刊,"¥5,600",订单,1
任务编号：1024984,【包装设计】母婴品牌包装设计,"¥10,000",订单,1
任务编号：1024986,【包装设计】大米包装礼盒包装设计,"¥4,000",订单,1
任务编号：1025031,【LOGO设计】设计公司LOGO,"¥4,500",订单,1
任务编号：1025227,【网站UI设计】ui设计,"¥2,100",订单,1
任务编号：1025311,【书籍装帧】12月刊设计,"¥14,300",订单,1
任务编号：1025320,【API接口】修复项目oa的bug信息,"¥3,300",订单,1
任务编号：1025346,【其他软件开发】视频监控软件集成,"¥12,000",订单,1
任务编号：1025425,【画册设计】新品画册设计,"¥5,760",订单,1
任务编号：1025436,【其他软件开发】自动铺货,"¥20,000",订单,1
任务编号：1025537,【系统工具】资源预警工具软件开发,"¥1,500",订单,1
任务编号：1025560,【其他软件开发】项目尾款,"¥1,200",订单,1
任务编号：1025594,【小程序开发】代写小程序定制,"¥4,800",订单,1
任务编号：1025595,【小程序开发】代写小程序定制2,"¥4,200",订单,1
任务编号：1025618,【小程序开发】邀请函小程序开发,¥900,订单,1
任务编号：1025632,【微信开发】动链商城,"¥12,000",订单,1
任务编号：1025804,【API接口】视频监控大屏页面开发,"¥1,200",订单,1
任务编号：1025839,【小程序开发】小程序商城,"¥8,500",订单,1
任务编号：1025877,【剪辑服务】剪辑一下。,¥25,订单,1
任务编号：1025890,【运维服务】防御续费,"¥8,000",订单,1
任务编号：1025894,【LOGO设计】品牌LOGO设计,¥300,订单,1
任务编号：1025953,【响应式网站】需要根据效果图做出功能,"¥12,999",订单,1
任务编号：1025954,【响应式网站】买一套的商城,"¥9,520",订单,1
任务编号：1026179,【软件UI设计】小程序UI设计,"¥1,400",订单,1
