标题,标题链接,查看数,参与数,价格,状态,当前网页URL,详情标题,字段1,字段2,字段3,原文件名,,
【其他网站】帝华仕家居,https://task.epwk.com/1068632/,37人,1人,"¥2,500",圆满完成,,帝华仕家居,直接雇佣￥ 2500,￥ 2500,任务编号：1068632,0-88.csv,2024,
【小程序开发】小程序定制开发尾款,https://task.epwk.com/1068818/,42人,1人,"¥41,976",圆满完成,,小程序定制开发尾款,直接雇佣￥ 41976,￥ 41976,任务编号：1068818,0-88.csv,,
【其他网站】苏州乐居优家房地产仿站沟通,https://task.epwk.com/1068990/,20人,1人,¥800,圆满完成,,苏州乐居优家房地产仿站沟通,直接雇佣￥ 800,￥ 800,任务编号：1068990,0-88.csv,,
【书籍装帧】期刊排版和装帧设计,https://task.epwk.com/1069266/,21人,1人,"¥6,300",圆满完成,,期刊排版和装帧设计,直接雇佣￥ 6300,￥ 6300,任务编号：1069266,0-88.csv,,
【LOGO设计】LOGO设计,https://task.epwk.com/1069269/,20人,1人,"¥1,880",圆满完成,,LOGO设计,直接雇佣￥ 1880,￥ 1880,任务编号：1069269,0-88.csv,,
【产品外观设计】3D表盘设计,https://task.epwk.com/1069276/,61人,1人,"¥3,000",圆满完成,,3D表盘设计,直接雇佣￥ 3000,￥ 3000,任务编号：1069276,0-88.csv,,
【包装设计】大米包装袋设计需求(已谈好）,https://task.epwk.com/1069279/,214人,1人,"¥8,660",圆满完成,,大米包装袋设计需求(已谈好）,直接雇佣￥ 8660,￥ 8660,任务编号：1069279,0-88.csv,,
【APP开发】射击训练APP开发三期,https://task.epwk.com/1069296/,37人,1人,"¥4,000",圆满完成,,射击训练APP开发三期,直接雇佣￥ 4000,￥ 4000,任务编号：1069296,0-88.csv,,
【H5开发】手机端页面开发,https://task.epwk.com/1069375/,35人,1人,¥200,圆满完成,,手机端页面开发,直接雇佣￥ 200,￥ 200,任务编号：1069375,0-88.csv,,
【APP开发】咨询类APP开发（一期一阶段）,https://task.epwk.com/1069394/,44人,1人,"¥4,000",圆满完成,,咨询类APP开发（一期一阶段）,直接雇佣￥ 4000,￥ 4000,任务编号：1069394,0-88.csv,,
【软件UI设计】APP UI 设计,https://task.epwk.com/1069423/,47人,1人,"¥5,000",圆满完成,,APP UI 设计,直接雇佣￥ 5000,￥ 5000,任务编号：1069423,0-88.csv,,
【定制开发】UI设计 在QQ沟通过 以QQ沟通的为准 工期12天内,https://task.epwk.com/1069436/,34人,1人,"¥5,000",圆满完成,,UI设计 在QQ沟通过 以QQ沟通的为准 工期12天内,直接雇佣￥ 5000,￥ 5000,任务编号：1069436,0-88.csv,,
【小程序开发】工具站的更新,https://task.epwk.com/1069459/,48人,1人,¥550,圆满完成,,工具站的更新,直接雇佣￥ 550,￥ 550,任务编号：1069459,0-88.csv,,
【APP开发】中国慕课关注,https://task.epwk.com/1069473/,42人,1人,"¥6,000",圆满完成,,中国慕课关注,直接雇佣￥ 6000,￥ 6000,任务编号：1069473,0-88.csv,,
【LOGO设计】优化logo,https://task.epwk.com/1069656/,34人,1人,¥300,圆满完成,,优化logo,直接雇佣￥ 300,￥ 300,任务编号：1069656,0-88.csv,,
【网站二次开发】網站修改二次開發,https://task.epwk.com/1069701/,285人,1人,"¥5,500",圆满完成,,網站修改二次開發,直接雇佣￥ 5500,￥ 5500,任务编号：1069701,0-88.csv,,
【APP开发】中国慕课关注,https://task.epwk.com/1069704/,22人,1人,¥420,圆满完成,,中国慕课关注,直接雇佣￥ 420,￥ 420,任务编号：1069704,0-88.csv,,
【网站二次开发】中优,https://task.epwk.com/1069988/,32人,1人,"¥1,600",圆满完成,,中优,直接雇佣￥ 1600,￥ 1600,任务编号：1069988,0-88.csv,,
【游戏其他】游戏2d人物原画设计,https://task.epwk.com/1070039/,56人,1人,¥300,圆满完成,,游戏2d人物原画设计,直接雇佣￥ 300,￥ 300,任务编号：1070039,0-88.csv,,
【小程序开发】游戏APP开发,https://task.epwk.com/1070077/,53人,1人,"¥1,500",圆满完成,,游戏APP开发,直接雇佣￥ 1500,￥ 1500,任务编号：1070077,0-88.csv,,
【测试服务】软件检测报告/第三方软件测试报告/CNAS测试报告咨询,https://task.epwk.com/1070087/,26人,1人,¥10,圆满完成,,软件检测报告/第三方软件测试报告/CNAS测试报告咨询,直接雇佣￥ 10,￥ 10,任务编号：1070087,0-88.csv,,
【测试服务】软件测试报告/软件测试/软件项目验收/CNAS报告咨询,https://task.epwk.com/1070088/,31人,1人,¥10,圆满完成,,软件测试报告/软件测试/软件项目验收/CNAS报告咨询,直接雇佣￥ 10,￥ 10,任务编号：1070088,0-88.csv,,
【测试服务】软件检测报告/第三方软件测试报告/CNAS测试报告咨询,https://task.epwk.com/1070154/,170人,1人,¥10,待验收,,软件检测报告/第三方软件测试报告/CNAS测试报告咨询,直接雇佣￥ 10,￥ 10,任务编号：1070154,0-88.csv,,
【测试服务】软件测试报告/软件测试/软件项目验收/CNAS报告咨询,https://task.epwk.com/1070175/,319人,1人,¥10,待验收,,软件测试报告/软件测试/软件项目验收/CNAS报告咨询,直接雇佣￥ 10,￥ 10,任务编号：1070175,0-88.csv,,
【产品外观设计】一种带漏斗的食用油瓶子,https://task.epwk.com/1070193/,114人,1人,"¥1,000",圆满完成,,一种带漏斗的食用油瓶子,直接雇佣￥ 1000,￥ 1000,任务编号：1070193,0-88.csv,,
【小程序开发】宾客满意度调查二次开发,https://task.epwk.com/1070255/,33人,1人,¥800,圆满完成,,宾客满意度调查二次开发,直接雇佣￥ 800,￥ 800,任务编号：1070255,0-88.csv,,
【其他软件开发】ERP自动处理单据。,https://task.epwk.com/1070297/,24人,1人,"¥5,400",圆满完成,,ERP自动处理单据。,直接雇佣￥ 5400,￥ 5400,任务编号：1070297,0-88.csv,,
【APP开发】开发平台,https://task.epwk.com/1070344/,97人,1人,"¥16,000",圆满完成,,开发平台,直接雇佣￥ 16000,￥ 16000,任务编号：1070344,0-88.csv,,
【LOGO设计】品牌文化公司LOGO设计,https://task.epwk.com/1070369/,37人,1人,"¥3,000",圆满完成,,品牌文化公司LOGO设计,直接雇佣￥ 3000,￥ 3000,任务编号：1070369,0-88.csv,,
【后端开发】京东联盟了api,https://task.epwk.com/1070449/,66人,1人,"¥4,500",圆满完成,,京东联盟了api,直接雇佣￥ 4500,￥ 4500,任务编号：1070449,0-88.csv,,
【其他网站】常德市西虹市首富旅游开发项目,https://task.epwk.com/1070501/,38人,1人,¥600,圆满完成,,常德市西虹市首富旅游开发项目,直接雇佣￥ 600,￥ 600,任务编号：1070501,0-88.csv,,
【小程序开发】共享小程序开发,https://task.epwk.com/1070535/,36人,1人,"¥36,709",圆满完成,,共享小程序开发,直接雇佣￥ 36709,￥ 36709,任务编号：1070535,0-88.csv,,
【API接口】盒子换壳,https://task.epwk.com/1070649/,65人,1人,"¥3,200",圆满完成,,盒子换壳,直接雇佣￥ 3200,￥ 3200,任务编号：1070649,0-88.csv,,
【小程序开发】公众号任务系统开发,https://task.epwk.com/1070685/,53人,1人,"¥2,000",圆满完成,,公众号任务系统开发,直接雇佣￥ 2000,￥ 2000,任务编号：1070685,0-88.csv,,
【包装设计】UI设计,https://task.epwk.com/1070786/,59人,1人,"¥1,650",圆满完成,,UI设计,直接雇佣￥ 1650,￥ 1650,任务编号：1070786,0-88.csv,,
【小程序开发】尾款,https://task.epwk.com/1070819/,35人,1人,"¥1,000",圆满完成,,尾款,直接雇佣￥ 1000,￥ 1000,任务编号：1070819,0-88.csv,,
【APP开发】咨询类APP开发（一期二阶段）,https://task.epwk.com/1070924/,65人,1人,"¥5,000",圆满完成,,咨询类APP开发（一期二阶段）,直接雇佣￥ 5000,￥ 5000,任务编号：1070924,0-88.csv,,
【网站UI设计】【黑羽网络】网站建设/网页设计/UI设计/页面设计,https://task.epwk.com/1071198/,77人,1人,"¥1,000",圆满完成,,【黑羽网络】网站建设/网页设计/UI设计/页面设计,直接雇佣￥ 1000,￥ 1000,任务编号：1071198,0-88.csv,,
【数据采集】采集动态网站的数据保存到本地，并上传到小程序,https://task.epwk.com/1071260/,216人,1人,"¥5,000",圆满完成,,采集动态网站的数据保存到本地，并上传到小程序,直接雇佣￥ 5000,￥ 5000,任务编号：1071260,0-88.csv,,
【书籍装帧】期刊设计,https://task.epwk.com/1071327/,31人,1人,"¥8,500",圆满完成,,期刊设计,直接雇佣￥ 8500,￥ 8500,任务编号：1071327,0-88.csv,,
【VI设计】餐饮品牌设计,https://task.epwk.com/1071359/,36人,1人,"¥4,800",圆满完成,,餐饮品牌设计,直接雇佣￥ 4800,￥ 4800,任务编号：1071359,0-88.csv,,
【APP开发】APP开发,https://task.epwk.com/1071371/,40人,1人,"¥2,000",圆满完成,,APP开发,直接雇佣￥ 2000,￥ 2000,任务编号：1071371,0-88.csv,,
【小程序开发】仿制7713冒险者营地小程序-尾款款项,https://task.epwk.com/1071395/,27人,1人,¥840,圆满完成,,仿制7713冒险者营地小程序-尾款款项,直接雇佣￥ 840,￥ 840,任务编号：1071395,0-88.csv,,
【H5开发】AI聊天界面开发,https://task.epwk.com/1071423/,69人,1人,"¥1,500",圆满完成,,AI聊天界面开发,直接雇佣￥ 1500,￥ 1500,任务编号：1071423,0-88.csv,,
【后端开发】筛选条件开发,https://task.epwk.com/1071560/,54人,1人,¥300,圆满完成,,筛选条件开发,直接雇佣￥ 300,￥ 300,任务编号：1071560,0-88.csv,,
【LOGO设计】LOGO设计,https://task.epwk.com/1071760/,38人,1人,"¥4,500",圆满完成,,LOGO设计,直接雇佣￥ 4500,￥ 4500,任务编号：1071760,0-88.csv,,
【网站二次开发】智慧之窗_小程序对接支付项目,https://task.epwk.com/1071806/,27人,1人,¥700,圆满完成,,智慧之窗_小程序对接支付项目,直接雇佣￥ 700,￥ 700,任务编号：1071806,0-88.csv,,
【小程序开发】企业微信积分系统开发,https://task.epwk.com/1072277/,58人,1人,"¥2,000",圆满完成,,企业微信积分系统开发,直接雇佣￥ 2000,￥ 2000,任务编号：1072277,0-88.csv,,
【H5开发】手机页面开发,https://task.epwk.com/1072282/,31人,1人,¥200,圆满完成,,手机页面开发,直接雇佣￥ 200,￥ 200,任务编号：1072282,0-88.csv,,
【商城建设】网站开发,https://task.epwk.com/1072590/,28人,1人,¥10,圆满完成,,网站开发,直接雇佣￥ 10,￥ 10,任务编号：1072590,0-88.csv,,
"【企业官网】企业网站建设,网站开发,网站定制",https://task.epwk.com/1072594/,32人,1人,¥10,圆满完成,,"企业网站建设,网站开发,网站定制",直接雇佣￥ 10,￥ 10,任务编号：1072594,0-88.csv,,
【APP开发】硬笔书法培训软件开发二期款,https://task.epwk.com/1072918/,30人,1人,"¥13,000",圆满完成,,硬笔书法培训软件开发二期款,直接雇佣￥ 13000,￥ 13000,任务编号：1072918,0-88.csv,,
【包装设计】GMS系列盒子,https://task.epwk.com/1072987/,31人,1人,"¥1,500",圆满完成,,GMS系列盒子,直接雇佣￥ 1500,￥ 1500,任务编号：1072987,0-88.csv,,
【APP开发】APP定制开发,https://task.epwk.com/1073002/,50人,1人,"¥60,533",圆满完成,,APP定制开发,直接雇佣￥ 60533,￥ 60533,任务编号：1073002,0-88.csv,,
【微信开发】本地服务公众号小程序源码,https://task.epwk.com/1073027/,31人,1人,"¥13,100",圆满完成,,本地服务公众号小程序源码,直接雇佣￥ 13100,￥ 13100,任务编号：1073027,0-88.csv,,
【书籍装帧】期刊设计,https://task.epwk.com/1073191/,35人,1人,"¥8,450",圆满完成,,期刊设计,直接雇佣￥ 8450,￥ 8450,任务编号：1073191,0-88.csv,,
【小程序开发】好评返现小程序开发（第二期，已确定合作者）,https://task.epwk.com/1073215/,27人,1人,"¥2,400",圆满完成,,好评返现小程序开发（第二期，已确定合作者）,直接雇佣￥ 2400,￥ 2400,任务编号：1073215,0-88.csv,,
【VI设计】精酿啤酒包装设计,https://task.epwk.com/1073328/,110人,1人,"¥2,000",圆满完成,,精酿啤酒包装设计,直接雇佣￥ 2000,￥ 2000,任务编号：1073328,0-88.csv,,
【商城建设】网站建设网站建设,https://task.epwk.com/1073475/,21人,1人,¥210,圆满完成,,网站建设网站建设,直接雇佣￥ 210,￥ 210,任务编号：1073475,0-88.csv,,
【LOGO设计】LOGO,https://task.epwk.com/1073580/,43人,1人,¥300,圆满完成,,LOGO,直接雇佣￥ 300,￥ 300,任务编号：1073580,0-88.csv,,
【产品外观设计】外观设计,https://task.epwk.com/1073855/,131人,1人,¥700,圆满完成,,外观设计,直接雇佣￥ 700,￥ 700,任务编号：1073855,0-88.csv,,
【产品外观设计】拐角设计,https://task.epwk.com/1073856/,126人,1人,¥700,圆满完成,,拐角设计,直接雇佣￥ 700,￥ 700,任务编号：1073856,0-88.csv,,
【电商网站】网站建设,https://task.epwk.com/1074106/,22人,1人,¥420,圆满完成,,网站建设,直接雇佣￥ 420,￥ 420,任务编号：1074106,0-88.csv,,
【专业代笔】文案撰写服务,https://task.epwk.com/1074223/,955人,1人,¥200,待验收,,文案撰写服务,直接雇佣￥ 200,￥ 200,任务编号：1074223,0-88.csv,,
【包装设计】震动器盒子系列,https://task.epwk.com/1074251/,26人,1人,"¥1,000",圆满完成,,震动器盒子系列,直接雇佣￥ 1000,￥ 1000,任务编号：1074251,0-88.csv,,
【企业官网】READY仓储物流公司管网开发,https://task.epwk.com/1074279/,129人,1人,"¥10,000",圆满完成,,READY仓储物流公司管网开发,直接雇佣￥ 10000,￥ 10000,任务编号：1074279,0-88.csv,,
【企业官网】企业网站开发,https://task.epwk.com/1074354/,26人,1人,¥510,圆满完成,,企业网站开发,直接雇佣￥ 510,￥ 510,任务编号：1074354,0-88.csv,,
【定制开发】需要参考仿一个站，一期定金,https://task.epwk.com/1074384/,30人,1人,"¥5,000",圆满完成,,需要参考仿一个站，一期定金,直接雇佣￥ 5000,￥ 5000,任务编号：1074384,0-88.csv,,
【包装设计】上海浦东本地精酿啤酒，啤酒易拉罐罐体图文设计,https://task.epwk.com/1074391/,37人,1人,"¥2,900",圆满完成,,上海浦东本地精酿啤酒，啤酒易拉罐罐体图文设计,直接雇佣￥ 2900,￥ 2900,任务编号：1074391,0-88.csv,,
【包装设计】四件套GS包装,https://task.epwk.com/1074392/,27人,1人,¥500,圆满完成,,四件套GS包装,直接雇佣￥ 500,￥ 500,任务编号：1074392,0-88.csv,,
【主图设计】原创设计方案,https://task.epwk.com/1074449/,88人,1人,¥300,圆满完成,,原创设计方案,直接雇佣￥ 300,￥ 300,任务编号：1074449,0-88.csv,,
【APP界面设计】应用软件ui设计试稿,https://task.epwk.com/1074462/,38人,1人,¥200,圆满完成,,应用软件ui设计试稿,直接雇佣￥ 200,￥ 200,任务编号：1074462,0-88.csv,,
【商城建设】本地电商平台建设一期定金,https://task.epwk.com/1074528/,31人,1人,"¥8,000",圆满完成,,本地电商平台建设一期定金,直接雇佣￥ 8000,￥ 8000,任务编号：1074528,0-88.csv,,
【LOGO设计】文化传播公司LOGO设计,https://task.epwk.com/1074616/,35人,1人,"¥3,300",圆满完成,,文化传播公司LOGO设计,直接雇佣￥ 3300,￥ 3300,任务编号：1074616,0-88.csv,,
【包装设计】日用品包装设计,https://task.epwk.com/1074618/,32人,1人,"¥3,900",圆满完成,,日用品包装设计,直接雇佣￥ 3900,￥ 3900,任务编号：1074618,0-88.csv,,
【其他软件开发】H5/微信小程序定制开发,https://task.epwk.com/1074727/,39人,1人,¥650,圆满完成,,H5/微信小程序定制开发,直接雇佣￥ 650,￥ 650,任务编号：1074727,0-88.csv,,
【企业官网】网站定制开发,https://task.epwk.com/1074858/,55人,1人,"¥4,000",圆满完成,,网站定制开发,直接雇佣￥ 4000,￥ 4000,任务编号：1074858,0-88.csv,,
【小程序开发】APP开发,https://task.epwk.com/1074978/,70人,1人,"¥3,500",圆满完成,,APP开发,直接雇佣￥ 3500,￥ 3500,任务编号：1074978,0-88.csv,,
【APP开发】APP开发,https://task.epwk.com/1075017/,58人,1人,"¥28,000",圆满完成,,APP开发,直接雇佣￥ 28000,￥ 28000,任务编号：1075017,0-88.csv,,
【企业官网】需要参考仿一个站，剩余尾款,https://task.epwk.com/1075154/,23人,1人,"¥8,000",圆满完成,,需要参考仿一个站，剩余尾款,直接雇佣￥ 8000,￥ 8000,任务编号：1075154,0-88.csv,,
【包装设计】包装设计,https://task.epwk.com/1075425/,42人,1人,¥600,圆满完成,,包装设计,直接雇佣￥ 600,￥ 600,任务编号：1075425,0-88.csv,,
【商城建设】大转盘邀请好友页面开发,https://task.epwk.com/1075476/,46人,1人,"¥1,000",圆满完成,,大转盘邀请好友页面开发,直接雇佣￥ 1000,￥ 1000,任务编号：1075476,0-88.csv,,
【定制开发】网站开发已联系好。,https://task.epwk.com/1075512/,41人,1人,"¥15,400",圆满完成,,网站开发已联系好。,直接雇佣￥ 15400,￥ 15400,任务编号：1075512,0-88.csv,,
【APP开发】物联网系统开发,https://task.epwk.com/1075517/,22人,1人,"¥7,600",圆满完成,,物联网系统开发,直接雇佣￥ 7600,￥ 7600,任务编号：1075517,0-88.csv,,
【VI设计】创意VI设计,https://task.epwk.com/1075636/,151人,1人,¥800,待验收,,创意VI设计,直接雇佣￥ 800,￥ 800,任务编号：1075636,0-88.csv,,
【模板建站】模板站扒站仿站,https://task.epwk.com/1075721/,42人,1人,"¥2,000",圆满完成,,模板站扒站仿站,直接雇佣￥ 2000,￥ 2000,任务编号：1075721,0-88.csv,,
【模板建站】模板站扒站仿站,https://task.epwk.com/1075891/,27人,1人,¥600,圆满完成,,模板站扒站仿站,直接雇佣￥ 600,￥ 600,任务编号：1075891,0-88.csv,,
【APP界面设计】app小程序H5应用软件网站网页交互外包定制ui设计,https://task.epwk.com/1075899/,50人,1人,"¥2,800",圆满完成,,app小程序H5应用软件网站网页交互外包定制ui设计,直接雇佣￥ 2800,￥ 2800,任务编号：1075899,0-88.csv,,
【其他软件开发】监控软件开发,https://task.epwk.com/1075918/,65人,1人,"¥6,500",圆满完成,,监控软件开发,直接雇佣￥ 6500,￥ 6500,任务编号：1075918,0-88.csv,,
【交互设计】填报采集系统设计（原型设计+登录页面保真）,https://task.epwk.com/1076021/,73人,1人,"¥3,500",圆满完成,,填报采集系统设计（原型设计+登录页面保真）,直接雇佣￥ 3500,￥ 3500,任务编号：1076021,0-88.csv,,
【产品外观设计】微缩模型设计，用于3D打印并批量生产,https://task.epwk.com/1076237/,84人,1人,"¥2,500",圆满完成,,微缩模型设计，用于3D打印并批量生产,直接雇佣￥ 2500,￥ 2500,任务编号：1076237,0-88.csv,,
【脚本开发】渗透测试,https://task.epwk.com/1076409/,45人,1人,"¥5,000",圆满完成,,渗透测试,直接雇佣￥ 5000,￥ 5000,任务编号：1076409,0-88.csv,,
【定制开发】​创新创业孵化项目管理系统 建设,https://task.epwk.com/1076425/,81人,1人,"¥12,000",圆满完成,,​创新创业孵化项目管理系统 建设,直接雇佣￥ 12000,￥ 12000,任务编号：1076425,0-88.csv,,
【其他软件开发】局域网同步控制软件,https://task.epwk.com/1076522/,41人,1人,"¥5,500",圆满完成,,局域网同步控制软件,直接雇佣￥ 5500,￥ 5500,任务编号：1076522,0-88.csv,,
【后端开发】重新修改,https://task.epwk.com/1076579/,114人,1人,¥300,圆满完成,,重新修改,直接雇佣￥ 300,￥ 300,任务编号：1076579,0-88.csv,,
【响应式网站】H5前端页面切图html+css+js,https://task.epwk.com/1076764/,28人,1人,¥300,圆满完成,,H5前端页面切图html+css+js,直接雇佣￥ 300,￥ 300,任务编号：1076764,0-88.csv,,
【定制开发】网站建设开发,https://task.epwk.com/1077156/,33人,1人,"¥3,238",圆满完成,,网站建设开发,直接雇佣￥ 3238,￥ 3238,任务编号：1077156,0-88.csv,,
【其他网站】评分系统开发,https://task.epwk.com/1077287/,39人,1人,"¥1,200",圆满完成,,评分系统开发,直接雇佣￥ 1200,￥ 1200,任务编号：1077287,0-88.csv,,
【微信推广】文案原创、微信公众号代运营、微信文章写作,https://task.epwk.com/1077339/,234人,1人,"¥6,000",圆满完成,,文案原创、微信公众号代运营、微信文章写作,直接雇佣￥ 6000,￥ 6000,任务编号：1077339,0-88.csv,,
【LOGO设计】公司LOGO设计,https://task.epwk.com/1077446/,41人,1人,"¥3,680",圆满完成,,公司LOGO设计,直接雇佣￥ 3680,￥ 3680,任务编号：1077446,0-88.csv,,
【H5开发】元宇宙展厅,https://task.epwk.com/1077472/,54人,1人,"¥6,600",圆满完成,,元宇宙展厅,直接雇佣￥ 6600,￥ 6600,任务编号：1077472,0-88.csv,,
【APP开发】咨询类APP开发（一期三阶段）,https://task.epwk.com/1077685/,37人,1人,"¥7,000",圆满完成,,咨询类APP开发（一期三阶段）,直接雇佣￥ 7000,￥ 7000,任务编号：1077685,0-88.csv,,
【企业官网】李朝勇网站建设php源码功能修改,https://task.epwk.com/1077884/,48人,1人,¥200,圆满完成,,李朝勇网站建设php源码功能修改,直接雇佣￥ 200,￥ 200,任务编号：1077884,0-88.csv,,
【小程序开发】即时通讯对话框前端布局及逻辑实现,https://task.epwk.com/1077891/,37人,1人,¥450,圆满完成,,即时通讯对话框前端布局及逻辑实现,直接雇佣￥ 450,￥ 450,任务编号：1077891,0-88.csv,,
【APP开发】网站建设定制开发设计企业公司官网营销门户,https://task.epwk.com/1078114/,38人,1人,"¥3,200",圆满完成,,网站建设定制开发设计企业公司官网营销门户,直接雇佣￥ 3200,￥ 3200,任务编号：1078114,0-88.csv,,
【门户网站】Vue Nuxt Django 大型门户营销型网站定制开,https://task.epwk.com/1078213/,16人,1人,¥500,圆满完成,,Vue Nuxt Django 大型门户营销型网站定制开,直接雇佣￥ 500,￥ 500,任务编号：1078213,0-88.csv,,
【VI设计】vi设计,https://task.epwk.com/1078224/,17人,1人,"¥3,800",圆满完成,,vi设计,直接雇佣￥ 3800,￥ 3800,任务编号：1078224,0-88.csv,,
【APP开发】app定制开发,https://task.epwk.com/1078227/,31人,1人,"¥37,520",圆满完成,,app定制开发,直接雇佣￥ 37520,￥ 37520,任务编号：1078227,0-88.csv,,
【小程序开发】同城二手交易平台,https://task.epwk.com/1078482/,44人,1人,"¥5,600",圆满完成,,同城二手交易平台,直接雇佣￥ 5600,￥ 5600,任务编号：1078482,0-88.csv,,
【详情页设计】详情页设计淘宝短视频平台天猫美团亚马逊电商美工包月拍摄整,https://task.epwk.com/1078542/,350人,1人,"¥2,200",圆满完成,,详情页设计淘宝短视频平台天猫美团亚马逊电商美工包月拍摄整,直接雇佣￥ 2200,￥ 2200,任务编号：1078542,0-88.csv,,
【小程序开发】个人网站设计与开发,https://task.epwk.com/1078544/,44人,1人,¥700,圆满完成,,个人网站设计与开发,直接雇佣￥ 700,￥ 700,任务编号：1078544,0-88.csv,,
【APP开发】奇石推广销售商城网站（尾款）,https://task.epwk.com/1078676/,25人,1人,"¥9,400",圆满完成,,奇石推广销售商城网站（尾款）,直接雇佣￥ 9400,￥ 9400,任务编号：1078676,0-88.csv,,
【LOGO设计】详情页主图,https://task.epwk.com/1078708/,43人,1人,¥300,圆满完成,,详情页主图,直接雇佣￥ 300,￥ 300,任务编号：1078708,0-88.csv,,
【APP开发】陪玩APP的源码及全套UI,https://task.epwk.com/1078735/,36人,1人,"¥23,800",圆满完成,,陪玩APP的源码及全套UI,直接雇佣￥ 23800,￥ 23800,任务编号：1078735,0-88.csv,,
【软件UI设计】防疫需求设计,https://task.epwk.com/1078840/,46人,1人,"¥4,300",圆满完成,,防疫需求设计,直接雇佣￥ 4300,￥ 4300,任务编号：1078840,0-88.csv,,
【LOGO设计】商标设计,https://task.epwk.com/1079044/,86人,1人,¥500,圆满完成,,商标设计,直接雇佣￥ 500,￥ 500,任务编号：1079044,0-88.csv,,
【响应式网站】马拉松定制网站开发,https://task.epwk.com/1079394/,35人,1人,"¥3,000",圆满完成,,马拉松定制网站开发,直接雇佣￥ 3000,￥ 3000,任务编号：1079394,0-88.csv,,
【影音播放】桌面版监控程序,https://task.epwk.com/1079406/,76人,1人,"¥10,000",圆满完成,,桌面版监控程序,直接雇佣￥ 10000,￥ 10000,任务编号：1079406,0-88.csv,,
【网站二次开发】網站修改,https://task.epwk.com/1079460/,69人,1人,"¥3,500",圆满完成,,網站修改,直接雇佣￥ 3500,￥ 3500,任务编号：1079460,0-88.csv,,
【企业官网】李朝勇网站建设php源码功能修改,https://task.epwk.com/1079557/,34人,1人,¥100,圆满完成,,李朝勇网站建设php源码功能修改,直接雇佣￥ 100,￥ 100,任务编号：1079557,0-88.csv,,
【详情页设计】一品威客任务编号为1078060的4张副图,https://task.epwk.com/1079600/,62人,1人,¥200,圆满完成,,一品威客任务编号为1078060的4张副图,直接雇佣￥ 200,￥ 200,任务编号：1079600,0-88.csv,,
【后期制作】后期制作,https://task.epwk.com/1079678/,178人,1人,¥200,圆满完成,,后期制作,直接雇佣￥ 200,￥ 200,任务编号：1079678,0-88.csv,,
【LOGO设计】推广主图两张,https://task.epwk.com/1079762/,42人,1人,¥150,圆满完成,,推广主图两张,直接雇佣￥ 150,￥ 150,任务编号：1079762,0-88.csv,,
【抖音视频】做一个短视频平台短视频,https://task.epwk.com/1080155/,693人,1人,¥100,圆满完成,,做一个短视频平台短视频,直接雇佣￥ 100,￥ 100,任务编号：1080155,0-88.csv,,
【剪辑服务】公司宣传片,https://task.epwk.com/1080191/,516人,1人,¥240,圆满完成,,公司宣传片,直接雇佣￥ 240,￥ 240,任务编号：1080191,0-88.csv,,
【小程序开发】二期报名活动小程序开发,https://task.epwk.com/1080361/,25人,1人,"¥8,600",圆满完成,,二期报名活动小程序开发,直接雇佣￥ 8600,￥ 8600,任务编号：1080361,0-88.csv,,
【书籍装帧】期刊排版设计,https://task.epwk.com/1080456/,37人,1人,"¥5,632",圆满完成,,期刊排版设计,直接雇佣￥ 5632,￥ 5632,任务编号：1080456,0-88.csv,,
【背景墙设计】文化墙设计,https://task.epwk.com/1080473/,63人,1人,¥500,圆满完成,,文化墙设计,直接雇佣￥ 500,￥ 500,任务编号：1080473,0-88.csv,,
【动漫角色设计】UE5人物建模、场景、UE 开发,https://task.epwk.com/1080628/,60人,1人,"¥1,000",圆满完成,,UE5人物建模、场景、UE 开发,直接雇佣￥ 1000,￥ 1000,任务编号：1080628,0-88.csv,,
【漫画设计】改模型,https://task.epwk.com/1080849/,79人,1人,¥300,圆满完成,,改模型,直接雇佣￥ 300,￥ 300,任务编号：1080849,0-88.csv,,
【脚本开发】组合数据对比,https://task.epwk.com/1080896/,42人,1人,¥800,圆满完成,,组合数据对比,直接雇佣￥ 800,￥ 800,任务编号：1080896,0-88.csv,,
【动漫角色设计】人物模型一个,https://task.epwk.com/1080932/,71人,1人,¥500,圆满完成,,人物模型一个,直接雇佣￥ 500,￥ 500,任务编号：1080932,0-88.csv,,
【APP开发】网站开发,https://task.epwk.com/1081062/,137人,1人,"¥30,000",圆满完成,,网站开发,直接雇佣￥ 30000,￥ 30000,任务编号：1081062,0-88.csv,,
【网店推广】淘宝天猫店铺电脑手机APP无线关键词搜索人工流量访客优化推广,https://task.epwk.com/1081136/,72人,1人,¥60,圆满完成,,淘宝天猫店铺电脑手机APP无线关键词搜索人工流量访客优化推广,直接雇佣￥ 60,￥ 60,任务编号：1081136,0-88.csv,,
【其他工具软件】刷仓位软件,https://task.epwk.com/1081307/,56人,1人,"¥12,000",圆满完成,,刷仓位软件,直接雇佣￥ 12000,￥ 12000,任务编号：1081307,0-88.csv,,
【手机网站】微信公众号/小程序/H5定制开发/电脑端PC/移动端手机,https://task.epwk.com/1081314/,29人,1人,"¥1,600",圆满完成,,微信公众号/小程序/H5定制开发/电脑端PC/移动端手机,直接雇佣￥ 1600,￥ 1600,任务编号：1081314,0-88.csv,,
【其他网站】付费加群带分佣,https://task.epwk.com/1081392/,41人,1人,"¥1,200",圆满完成,,付费加群带分佣,直接雇佣￥ 1200,￥ 1200,任务编号：1081392,0-88.csv,,
【剪辑服务】短视频剪辑,https://task.epwk.com/1081410/,868人,1人,¥300,圆满完成,,短视频剪辑,直接雇佣￥ 300,￥ 300,任务编号：1081410,0-88.csv,,
【APP开发】商城app开发,https://task.epwk.com/1081633/,28人,1人,"¥20,806",圆满完成,,商城app开发,直接雇佣￥ 20806,￥ 20806,任务编号：1081633,0-88.csv,,
【游戏建模】人物建模4套,https://task.epwk.com/1081695/,408人,1人,"¥2,000",圆满完成,,人物建模4套,直接雇佣￥ 2000,￥ 2000,任务编号：1081695,0-88.csv,,
【APP开发】英日翻译软件,https://task.epwk.com/1082156/,35人,1人,"¥2,000",圆满完成,,英日翻译软件,直接雇佣￥ 2000,￥ 2000,任务编号：1082156,0-88.csv,,
【营销推广软文】游戏推广文章写作,https://task.epwk.com/1082223/,18人,1人,¥69,圆满完成,,游戏推广文章写作,直接雇佣￥ 69,￥ 69,任务编号：1082223,0-88.csv,,
【其他软件开发】桌面版监控程序二期,https://task.epwk.com/1082305/,71人,1人,"¥10,000",圆满完成,,桌面版监控程序二期,直接雇佣￥ 10000,￥ 10000,任务编号：1082305,0-88.csv,,
【产品推广】服务器续费+网站优化维护,https://task.epwk.com/1082402/,14人,1人,"¥8,012",圆满完成,,服务器续费+网站优化维护,直接雇佣￥ 8012,￥ 8012,任务编号：1082402,0-88.csv,,
【小程序开发】一个商城类小程序部署在腾讯云服务器上,https://task.epwk.com/1082423/,40人,1人,¥500,圆满完成,,一个商城类小程序部署在腾讯云服务器上,直接雇佣￥ 500,￥ 500,任务编号：1082423,0-88.csv,,
【动漫其他】动捕数据重定向,https://task.epwk.com/1082459/,27人,1人,"¥3,650",圆满完成,,动捕数据重定向,直接雇佣￥ 3650,￥ 3650,任务编号：1082459,0-88.csv,,
【小程序开发】洗车小程序项目,https://task.epwk.com/1082794/,43人,1人,"¥5,000",圆满完成,,洗车小程序项目,直接雇佣￥ 5000,￥ 5000,任务编号：1082794,0-88.csv,,
【VI设计】一套服装vi设计,https://task.epwk.com/1082819/,70人,1人,"¥3,388",圆满完成,,一套服装vi设计,直接雇佣￥ 3388,￥ 3388,任务编号：1082819,0-88.csv,,
【抖音视频】短视频渠道加粉短视频原创拍摄剪辑,https://task.epwk.com/1083011/,244人,1人,¥100,圆满完成,,短视频渠道加粉短视频原创拍摄剪辑,直接雇佣￥ 100,￥ 100,任务编号：1083011,0-88.csv,,
【小程序开发】好评返现小程序开发（尾款）,https://task.epwk.com/1083141/,23人,1人,"¥2,400",圆满完成,,好评返现小程序开发（尾款）,直接雇佣￥ 2400,￥ 2400,任务编号：1083141,0-88.csv,,
【动漫其他】动捕数据精修,https://task.epwk.com/1083214/,55人,1人,"¥10,500",圆满完成,,动捕数据精修,直接雇佣￥ 10500,￥ 10500,任务编号：1083214,0-88.csv,,
【APP开发】安卓原生工具开发一期,https://task.epwk.com/1083256/,26人,1人,"¥4,000",圆满完成,,安卓原生工具开发一期,直接雇佣￥ 4000,￥ 4000,任务编号：1083256,0-88.csv,,
【专业代笔】淘宝开放平台奇门资质接入文档,https://task.epwk.com/1083278/,121人,1人,"¥1,000",圆满完成,,淘宝开放平台奇门资质接入文档,直接雇佣￥ 1000,￥ 1000,任务编号：1083278,0-88.csv,,
【其他软件开发】chrome内核浏览器登录同步功能,https://task.epwk.com/1083313/,33人,1人,"¥5,000",圆满完成,,chrome内核浏览器登录同步功能,直接雇佣￥ 5000,￥ 5000,任务编号：1083313,0-88.csv,,
【APP开发】im系统二次开发,https://task.epwk.com/1083335/,47人,1人,"¥10,000",圆满完成,,im系统二次开发,直接雇佣￥ 10000,￥ 10000,任务编号：1083335,0-88.csv,,
【书籍装帧】期刊设计,https://task.epwk.com/1083520/,21人,1人,"¥7,680",圆满完成,,期刊设计,直接雇佣￥ 7680,￥ 7680,任务编号：1083520,0-88.csv,,
【店铺装修】喷绘，单页,https://task.epwk.com/1083762/,35人,1人,¥400,圆满完成,,喷绘，单页,直接雇佣￥ 400,￥ 400,任务编号：1083762,0-88.csv,,
【详情页设计】详情页设计淘宝短视频平台天猫美团亚马逊电商美工包月拍摄整,https://task.epwk.com/1083926/,24人,1人,¥200,圆满完成,,详情页设计淘宝短视频平台天猫美团亚马逊电商美工包月拍摄整,直接雇佣￥ 200,￥ 200,任务编号：1083926,0-88.csv,,
【创意短视频】拍摄100条梯凳短视频,https://task.epwk.com/1083968/,173人,1人,"¥1,500",圆满完成,,拍摄100条梯凳短视频,直接雇佣￥ 1500,￥ 1500,任务编号：1083968,0-88.csv,,
【页游/端游开发】游戏开发,https://task.epwk.com/1084039/,42人,1人,¥500,圆满完成,,游戏开发,直接雇佣￥ 500,￥ 500,任务编号：1084039,0-88.csv,,
【其他软件开发】4个需求开发,https://task.epwk.com/1084161/,122人,1人,"¥7,000",圆满完成,,4个需求开发,直接雇佣￥ 7000,￥ 7000,任务编号：1084161,0-88.csv,,
【动漫角色设计】人物建模,https://task.epwk.com/1084202/,194人,1人,"¥5,400",圆满完成,,人物建模,直接雇佣￥ 5400,￥ 5400,任务编号：1084202,0-88.csv,,
【小程序开发】订单信息服务平台开发,https://task.epwk.com/1084330/,62人,1人,"¥8,000",圆满完成,,订单信息服务平台开发,直接雇佣￥ 8000,￥ 8000,任务编号：1084330,0-88.csv,,
【抖音视频】二手闲置物品,https://task.epwk.com/1084384/,806人,1人,¥200,圆满完成,,二手闲置物品,直接雇佣￥ 200,￥ 200,任务编号：1084384,0-88.csv,,
【二维动画】15S动画制作,https://task.epwk.com/1084474/,297人,1人,¥750,圆满完成,,15S动画制作,直接雇佣￥ 750,￥ 750,任务编号：1084474,0-88.csv,,
【商业提案】智能监控系统商业计划书撰写,https://task.epwk.com/1084499/,548人,1人,"¥3,000",圆满完成,,智能监控系统商业计划书撰写,直接雇佣￥ 3000,￥ 3000,任务编号：1084499,0-88.csv,,
【APP开发】物联网app开发,https://task.epwk.com/1084567/,41人,1人,"¥18,123",圆满完成,,物联网app开发,直接雇佣￥ 18123,￥ 18123,任务编号：1084567,0-88.csv,,
【定制开发】网站定制开发,https://task.epwk.com/1084960/,27人,1人,¥700,圆满完成,,网站定制开发,直接雇佣￥ 700,￥ 700,任务编号：1084960,0-88.csv,,
【定制开发】任务编号：1084960新增需求,https://task.epwk.com/1085117/,16人,1人,¥300,圆满完成,,任务编号：1084960新增需求,直接雇佣￥ 300,￥ 300,任务编号：1085117,0-88.csv,,
【包装设计】调味品包装,https://task.epwk.com/1085214/,43人,1人,¥500,圆满完成,,调味品包装,直接雇佣￥ 500,￥ 500,任务编号：1085214,0-88.csv,,
【APP开发】flutter框架APP开发,https://task.epwk.com/1085239/,22人,1人,"¥1,000",圆满完成,,flutter框架APP开发,直接雇佣￥ 1000,￥ 1000,任务编号：1085239,0-88.csv,,
【其他工具软件】实现自动给短视频平台的团购商家发短信,https://task.epwk.com/1085300/,32人,1人,"¥4,000",圆满完成,,实现自动给短视频平台的团购商家发短信,直接雇佣￥ 4000,￥ 4000,任务编号：1085300,0-88.csv,,
【小程序开发】陪诊小程序开发,https://task.epwk.com/1085328/,47人,1人,"¥1,000",圆满完成,,陪诊小程序开发,直接雇佣￥ 1000,￥ 1000,任务编号：1085328,0-88.csv,,
【详情页设计】详情页设计淘宝短视频平台天猫美团亚马逊电商美工包月拍摄整,https://task.epwk.com/1085368/,36人,1人,¥200,圆满完成,,详情页设计淘宝短视频平台天猫美团亚马逊电商美工包月拍摄整,直接雇佣￥ 200,￥ 200,任务编号：1085368,0-88.csv,,
【APP开发】咨询类APP开发（一期四阶段）,https://task.epwk.com/1085385/,31人,1人,"¥8,000",圆满完成,,咨询类APP开发（一期四阶段）,直接雇佣￥ 8000,￥ 8000,任务编号：1085385,0-88.csv,,
【动漫其他】6个模型骨骼绑定，1个模型刷UE5布料,https://task.epwk.com/1085391/,57人,1人,"¥1,400",圆满完成,,6个模型骨骼绑定，1个模型刷UE5布料,直接雇佣￥ 1400,￥ 1400,任务编号：1085391,0-88.csv,,
【动漫其他】动捕数据精修,https://task.epwk.com/1085529/,35人,1人,"¥2,500",圆满完成,,动捕数据精修,直接雇佣￥ 2500,￥ 2500,任务编号：1085529,0-88.csv,,
【动漫角色设计】3d人物建模,https://task.epwk.com/1085532/,179人,1人,"¥5,000",圆满完成,,3d人物建模,直接雇佣￥ 5000,￥ 5000,任务编号：1085532,0-88.csv,,
【动漫角色设计】3d人物模块化建模设计,https://task.epwk.com/1085808/,174人,1人,"¥5,000",圆满完成,,3d人物模块化建模设计,直接雇佣￥ 5000,￥ 5000,任务编号：1085808,0-88.csv,,
【小程序开发】租赁小程序,https://task.epwk.com/1085952/,65人,1人,"¥5,000",圆满完成,,租赁小程序,直接雇佣￥ 5000,￥ 5000,任务编号：1085952,0-88.csv,,
【商城建设】网站修改,https://task.epwk.com/1086009/,56人,1人,¥300,圆满完成,,网站修改,直接雇佣￥ 300,￥ 300,任务编号：1086009,0-88.csv,,
【微信开发】同城服务公众号,https://task.epwk.com/1086035/,28人,1人,"¥20,000",圆满完成,,同城服务公众号,直接雇佣￥ 20000,￥ 20000,任务编号：1086035,0-88.csv,,
【网站二次开发】xunruicms提交表单加密,https://task.epwk.com/1086258/,25人,1人,¥400,圆满完成,,xunruicms提交表单加密,直接雇佣￥ 400,￥ 400,任务编号：1086258,0-88.csv,,
【小程序开发】扫码点餐二开定制,https://task.epwk.com/1086348/,52人,1人,"¥6,000",圆满完成,,扫码点餐二开定制,直接雇佣￥ 6000,￥ 6000,任务编号：1086348,0-88.csv,,
【交互设计】小程序原设计设计,https://task.epwk.com/1086498/,34人,1人,¥100,圆满完成,,小程序原设计设计,直接雇佣￥ 100,￥ 100,任务编号：1086498,0-88.csv,,
【小程序开发】微信查询小程序开发,https://task.epwk.com/1086520/,54人,1人,"¥4,000",圆满完成,,微信查询小程序开发,直接雇佣￥ 4000,￥ 4000,任务编号：1086520,0-88.csv,,
【店铺装修】海报设计,https://task.epwk.com/1086706/,109人,1人,"¥1,500",圆满完成,,海报设计,直接雇佣￥ 1500,￥ 1500,任务编号：1086706,0-88.csv,,
【二维动画】二维动画制作,https://task.epwk.com/1086819/,190人,1人,¥750,圆满完成,,二维动画制作,直接雇佣￥ 750,￥ 750,任务编号：1086819,0-88.csv,,
【APP界面设计】整套ui,https://task.epwk.com/1086833/,44人,1人,"¥1,500",圆满完成,,整套ui,直接雇佣￥ 1500,￥ 1500,任务编号：1086833,0-88.csv,,
【区块链应用】OKX价格提醒,https://task.epwk.com/1086876/,40人,1人,"¥3,250",圆满完成,,OKX价格提醒,直接雇佣￥ 3250,￥ 3250,任务编号：1086876,0-88.csv,,
【动漫角色设计】2个模块化男性角色建模,https://task.epwk.com/1086931/,275人,1人,"¥10,000",圆满完成,,2个模块化男性角色建模,直接雇佣￥ 10000,￥ 10000,任务编号：1086931,0-88.csv,,
【LOGO设计】品牌LOGO设计,https://task.epwk.com/1087060/,35人,1人,"¥4,280",圆满完成,,品牌LOGO设计,直接雇佣￥ 4280,￥ 4280,任务编号：1087060,0-88.csv,,
【效果图设计】餐饮空间设计,https://task.epwk.com/1087064/,163人,1人,"¥1,000",圆满完成,,餐饮空间设计,直接雇佣￥ 1000,￥ 1000,任务编号：1087064,0-88.csv,,
【详情页设计】详情页设计淘宝短视频平台天猫美团亚马逊电商美工包月拍摄整,https://task.epwk.com/1087125/,94人,1人,"¥1,700",圆满完成,,详情页设计淘宝短视频平台天猫美团亚马逊电商美工包月拍摄整,直接雇佣￥ 1700,￥ 1700,任务编号：1087125,0-88.csv,,
【APP界面设计】APP小程序软件启动页引导页整套UI界面设计,https://task.epwk.com/1087142/,74人,1人,"¥18,000",圆满完成,,APP小程序软件启动页引导页整套UI界面设计,直接雇佣￥ 18000,￥ 18000,任务编号：1087142,0-88.csv,,
【APP开发】商城app开发,https://task.epwk.com/1087173/,24人,1人,"¥31,345",圆满完成,,商城app开发,直接雇佣￥ 31345,￥ 31345,任务编号：1087173,0-88.csv,,
【项目管理软件】管理系统开发,https://task.epwk.com/1087399/,42人,1人,"¥38,000",圆满完成,,管理系统开发,直接雇佣￥ 38000,￥ 38000,任务编号：1087399,0-88.csv,,
【APP开发】flutter框架APP开发,https://task.epwk.com/1087436/,17人,1人,"¥1,500",圆满完成,,flutter框架APP开发,直接雇佣￥ 1500,￥ 1500,任务编号：1087436,0-88.csv,,
【企业官网】网站开发,https://task.epwk.com/1087485/,16人,1人,"¥2,000",圆满完成,,网站开发,直接雇佣￥ 2000,￥ 2000,任务编号：1087485,0-88.csv,,
【背景墙设计】文化墙设计服务,https://task.epwk.com/1087554/,127人,1人,¥800,圆满完成,,文化墙设计服务,直接雇佣￥ 800,￥ 800,任务编号：1087554,0-88.csv,,
【PPT设计】PPT设计课件代制作设计美化修改幻灯片工作汇报比赛,https://task.epwk.com/1087657/,41人,1人,¥10,圆满完成,,PPT设计课件代制作设计美化修改幻灯片工作汇报比赛,直接雇佣￥ 10,￥ 10,任务编号：1087657,0-88.csv,,
【PPT设计】PPT设计课件代制作设计美化修改幻灯片工作汇报比赛,https://task.epwk.com/1087710/,21人,1人,¥10,圆满完成,,PPT设计课件代制作设计美化修改幻灯片工作汇报比赛,直接雇佣￥ 10,￥ 10,任务编号：1087710,0-88.csv,,
【脚本开发】自动下单APP开发,https://task.epwk.com/1087715/,31人,1人,"¥3,300",圆满完成,,自动下单APP开发,直接雇佣￥ 3300,￥ 3300,任务编号：1087715,0-88.csv,,
【H5开发】商城平台系统开发,https://task.epwk.com/1087724/,76人,1人,"¥6,000",圆满完成,,商城平台系统开发,直接雇佣￥ 6000,￥ 6000,任务编号：1087724,0-88.csv,,
【动漫其他】骨骼绑定，动画位移清除等工作,https://task.epwk.com/1087734/,55人,1人,"¥3,900",圆满完成,,骨骼绑定，动画位移清除等工作,直接雇佣￥ 3900,￥ 3900,任务编号：1087734,0-88.csv,,
【PPT设计】PPT设计课件代制作设计美化修改幻灯片工作汇报比赛,https://task.epwk.com/1087873/,31人,1人,¥10,圆满完成,,PPT设计课件代制作设计美化修改幻灯片工作汇报比赛,直接雇佣￥ 10,￥ 10,任务编号：1087873,0-88.csv,,
【PPT设计】PPT设计课件代制作设计美化修改幻灯片工作汇报比赛,https://task.epwk.com/1087879/,22人,1人,¥10,圆满完成,,PPT设计课件代制作设计美化修改幻灯片工作汇报比赛,直接雇佣￥ 10,￥ 10,任务编号：1087879,0-88.csv,,
【PPT设计】PPT设计课件代制作设计美化修改幻灯片工作汇报比赛,https://task.epwk.com/1087990/,21人,1人,¥10,圆满完成,,PPT设计课件代制作设计美化修改幻灯片工作汇报比赛,直接雇佣￥ 10,￥ 10,任务编号：1087990,0-88.csv,,
【其他软件开发】支付二维码开发,https://task.epwk.com/1088090/,82人,1人,"¥11,000",圆满完成,,支付二维码开发,直接雇佣￥ 11000,￥ 11000,任务编号：1088090,0-88.csv,,
【餐饮】餐饮管理系统开发,https://task.epwk.com/1088197/,107人,1人,"¥3,000",圆满完成,,餐饮管理系统开发,直接雇佣￥ 3000,￥ 3000,任务编号：1088197,0-88.csv,,
【其他软件开发】im开发三期,https://task.epwk.com/1088203/,18人,1人,"¥4,000",圆满完成,,im开发三期,直接雇佣￥ 4000,￥ 4000,任务编号：1088203,0-88.csv,,
【PPT设计】PPT设计课件代制作设计美化修改幻灯片工作汇报比赛,https://task.epwk.com/1088397/,30人,1人,¥10,圆满完成,,PPT设计课件代制作设计美化修改幻灯片工作汇报比赛,直接雇佣￥ 10,￥ 10,任务编号：1088397,0-88.csv,,
【PPT设计】PPT设计课件代制作设计美化修改幻灯片工作汇报比赛,https://task.epwk.com/1088579/,34人,1人,¥10,圆满完成,,PPT设计课件代制作设计美化修改幻灯片工作汇报比赛,直接雇佣￥ 10,￥ 10,任务编号：1088579,0-88.csv,,
【PPT设计】PPT设计课件代制作设计美化修改幻灯片工作汇报比赛,https://task.epwk.com/1088688/,1485人,1人,¥10,工作中,,PPT设计课件代制作设计美化修改幻灯片工作汇报比赛,直接雇佣￥ 10,￥ 10,任务编号：1088688,0-88.csv,,
【排版设计】刊物排版设计,https://task.epwk.com/1088832/,39人,1人,"¥6,180",圆满完成,,刊物排版设计,直接雇佣￥ 6180,￥ 6180,任务编号：1088832,0-88.csv,,
【创意短视频】视频1分钟,https://task.epwk.com/1088906/,206人,1人,¥200,圆满完成,,视频1分钟,直接雇佣￥ 200,￥ 200,任务编号：1088906,0-88.csv,,
【3D建模】模型,https://task.epwk.com/1088940/,319人,1人,¥10,圆满完成,,模型,直接雇佣￥ 10,￥ 10,任务编号：1088940,0-88.csv,,
【动漫其他】建筑物模块化拆分,https://task.epwk.com/1089079/,58人,1人,"¥3,500",圆满完成,,建筑物模块化拆分,直接雇佣￥ 3500,￥ 3500,任务编号：1089079,0-88.csv,,
【图像识别】AGV小车,https://task.epwk.com/1089088/,470人,1人,¥10,待验收,,AGV小车,直接雇佣￥ 10,￥ 10,任务编号：1089088,0-88.csv,,
【H5开发】手机页面开发,https://task.epwk.com/1089163/,43人,1人,"¥1,000",圆满完成,,手机页面开发,直接雇佣￥ 1000,￥ 1000,任务编号：1089163,0-88.csv,,
【动漫其他】3d模型处理工作补充,https://task.epwk.com/1089224/,163人,1人,"¥6,400",圆满完成,,3d模型处理工作补充,直接雇佣￥ 6400,￥ 6400,任务编号：1089224,0-88.csv,,
【H5开发】模板站扒站仿站,https://task.epwk.com/1089261/,38人,1人,"¥1,000",圆满完成,,模板站扒站仿站,直接雇佣￥ 1000,￥ 1000,任务编号：1089261,0-88.csv,,
【其他软件开发】冻结孔数据演示系统,https://task.epwk.com/1089501/,31人,1人,"¥4,500",圆满完成,,冻结孔数据演示系统,直接雇佣￥ 4500,￥ 4500,任务编号：1089501,0-88.csv,,
【包装设计】包装设计,https://task.epwk.com/1089550/,30人,1人,"¥6,000",圆满完成,,包装设计,直接雇佣￥ 6000,￥ 6000,任务编号：1089550,0-88.csv,,
【动漫其他】鞭子动画数据处理,https://task.epwk.com/1089639/,82人,1人,"¥1,500",圆满完成,,鞭子动画数据处理,直接雇佣￥ 1500,￥ 1500,任务编号：1089639,0-88.csv,,
【脚本开发】要做2个客户端和一个链接端，1个客户端用于生,https://task.epwk.com/1089698/,24人,1人,"¥1,500",圆满完成,,要做2个客户端和一个链接端，1个客户端用于生,直接雇佣￥ 1500,￥ 1500,任务编号：1089698,0-88.csv,,
【其他短视频】1分钟视频,https://task.epwk.com/1089757/,382人,1人,¥200,圆满完成,,1分钟视频,直接雇佣￥ 200,￥ 200,任务编号：1089757,0-88.csv,,
【书籍装帧】一本书装帧排版设计,https://task.epwk.com/1089871/,38人,1人,"¥9,600",圆满完成,,一本书装帧排版设计,直接雇佣￥ 9600,￥ 9600,任务编号：1089871,0-88.csv,,
【LOGO设计】LOGO设计,https://task.epwk.com/1089903/,266人,1人,"¥2,000",待验收,,LOGO设计,直接雇佣￥ 2000,￥ 2000,任务编号：1089903,0-88.csv,,
【详情页设计】详情页设计淘宝短视频平台天猫美团亚马逊电商设计,https://task.epwk.com/1090350/,67人,1人,"¥1,350",圆满完成,,详情页设计淘宝短视频平台天猫美团亚马逊电商设计,直接雇佣￥ 1350,￥ 1350,任务编号：1090350,0-88.csv,,
【H5开发】实现汇付银联正扫和汇付个人钱包功能,https://task.epwk.com/1090396/,28人,1人,"¥2,000",圆满完成,,实现汇付银联正扫和汇付个人钱包功能,直接雇佣￥ 2000,￥ 2000,任务编号：1090396,0-88.csv,,
【包装设计】产品的包装设计 确定合作者,https://task.epwk.com/1090397/,96人,1人,"¥3,500",圆满完成,,产品的包装设计 确定合作者,直接雇佣￥ 3500,￥ 3500,任务编号：1090397,0-88.csv,,
【定制开发】信息系统开发,https://task.epwk.com/1090411/,34人,1人,"¥5,000",圆满完成,,信息系统开发,直接雇佣￥ 5000,￥ 5000,任务编号：1090411,0-88.csv,,
【定制开发】信息系统开发,https://task.epwk.com/1090412/,68人,1人,"¥4,800",圆满完成,,信息系统开发,直接雇佣￥ 4800,￥ 4800,任务编号：1090412,0-88.csv,,
【网站二次开发】网站二次开发,https://task.epwk.com/1090434/,33人,1人,"¥1,500",圆满完成,,网站二次开发,直接雇佣￥ 1500,￥ 1500,任务编号：1090434,0-88.csv,,
【动漫其他】模型处理,https://task.epwk.com/1090444/,417人,1人,"¥7,000",圆满完成,,模型处理,直接雇佣￥ 7000,￥ 7000,任务编号：1090444,0-88.csv,,
【其他软件开发】农机操作界面开发,https://task.epwk.com/1090481/,48人,1人,"¥6,900",圆满完成,,农机操作界面开发,直接雇佣￥ 6900,￥ 6900,任务编号：1090481,0-88.csv,,
【可视化】数据处理软件开发,https://task.epwk.com/1090543/,134人,1人,"¥5,000",圆满完成,,数据处理软件开发,直接雇佣￥ 5000,￥ 5000,任务编号：1090543,0-88.csv,,
【其他工具软件】alipay_sdk转h5支付链接,https://task.epwk.com/1090581/,18人,1人,"¥2,800",圆满完成,,alipay_sdk转h5支付链接,直接雇佣￥ 2800,￥ 2800,任务编号：1090581,0-88.csv,,
【其他短视频】短视频,https://task.epwk.com/1090686/,265人,1人,¥200,圆满完成,,短视频,直接雇佣￥ 200,￥ 200,任务编号：1090686,0-88.csv,,
【LOGO设计】菜单设计，出图快的,https://task.epwk.com/1090687/,401人,1人,¥30,圆满完成,,菜单设计，出图快的,直接雇佣￥ 30,￥ 30,任务编号：1090687,0-88.csv,,
【二维动画】新增,https://task.epwk.com/1090719/,65人,1人,¥500,圆满完成,,新增,直接雇佣￥ 500,￥ 500,任务编号：1090719,0-88.csv,,
【H5开发】商城平台系统开发,https://task.epwk.com/1090739/,31人,1人,"¥6,000",圆满完成,,商城平台系统开发,直接雇佣￥ 6000,￥ 6000,任务编号：1090739,0-88.csv,,
【响应式网站】官网开发,https://task.epwk.com/1090815/,35人,1人,"¥1,600",圆满完成,,官网开发,直接雇佣￥ 1600,￥ 1600,任务编号：1090815,0-88.csv,,
【影视拍摄】短视频（拍摄/剪辑）,https://task.epwk.com/1090847/,86人,1人,¥500,圆满完成,,短视频（拍摄/剪辑）,直接雇佣￥ 500,￥ 500,任务编号：1090847,0-88.csv,,
【宣传册设计】排版画册平面广告海报展板单页排版设计,https://task.epwk.com/1090896/,55人,1人,"¥1,100",圆满完成,,排版画册平面广告海报展板单页排版设计,直接雇佣￥ 1100,￥ 1100,任务编号：1090896,0-88.csv,,
【网站二次开发】网站新增修改,https://task.epwk.com/1090910/,411人,1人,"¥14,900",圆满完成,,网站新增修改,直接雇佣￥ 14900,￥ 14900,任务编号：1090910,0-88.csv,,
【API接口】爬虫爬数据,https://task.epwk.com/1090944/,177人,1人,"¥8,000",圆满完成,,爬虫爬数据,直接雇佣￥ 8000,￥ 8000,任务编号：1090944,0-88.csv,,
【数据分析】矿井通风网络分析和算法实现,https://task.epwk.com/1090970/,56人,1人,"¥2,500",圆满完成,,矿井通风网络分析和算法实现,直接雇佣￥ 2500,￥ 2500,任务编号：1090970,0-88.csv,,
【剪辑服务】视频内容剪辑,https://task.epwk.com/1091127/,271人,1人,¥68,圆满完成,,视频内容剪辑,直接雇佣￥ 68,￥ 68,任务编号：1091127,0-88.csv,,
【商城建设】小程序商城开发,https://task.epwk.com/1091211/,29人,1人,"¥4,180",圆满完成,,小程序商城开发,直接雇佣￥ 4180,￥ 4180,任务编号：1091211,0-88.csv,,
【自然语音处理】基于RAG的大模型训练,https://task.epwk.com/1091240/,158人,1人,"¥15,000",圆满完成,,基于RAG的大模型训练,直接雇佣￥ 15000,￥ 15000,任务编号：1091240,0-88.csv,,
【创意短视频】短视频（拍摄/剪辑）,https://task.epwk.com/1091365/,145人,1人,¥500,圆满完成,,短视频（拍摄/剪辑）,直接雇佣￥ 500,￥ 500,任务编号：1091365,0-88.csv,,
【其他短视频】1分钟短视频,https://task.epwk.com/1091520/,499人,1人,¥200,圆满完成,,1分钟短视频,直接雇佣￥ 200,￥ 200,任务编号：1091520,0-88.csv,,
【书籍装帧】装帧排版设计,https://task.epwk.com/1091564/,19人,1人,"¥5,600",圆满完成,,装帧排版设计,直接雇佣￥ 5600,￥ 5600,任务编号：1091564,0-88.csv,,
【APP开发】商城app开发,https://task.epwk.com/1091643/,21人,1人,"¥15,105",圆满完成,,商城app开发,直接雇佣￥ 15105,￥ 15105,任务编号：1091643,0-88.csv,,
【LOGO设计】服装品牌设计,https://task.epwk.com/1091772/,16人,1人,"¥4,990",圆满完成,,服装品牌设计,直接雇佣￥ 4990,￥ 4990,任务编号：1091772,0-88.csv,,
【包装设计】系列食品包装设计,https://task.epwk.com/1091775/,23人,1人,"¥5,280",圆满完成,,系列食品包装设计,直接雇佣￥ 5280,￥ 5280,任务编号：1091775,0-88.csv,,
【APP开发】聊天圈子APP开发,https://task.epwk.com/1091807/,39人,1人,"¥5,000",圆满完成,,聊天圈子APP开发,直接雇佣￥ 5000,￥ 5000,任务编号：1091807,0-88.csv,,
【LOGO设计】企业外墙装饰设计,https://task.epwk.com/1092106/,64人,1人,¥100,圆满完成,,企业外墙装饰设计,直接雇佣￥ 100,￥ 100,任务编号：1092106,0-88.csv,,
【企业宣传片】影视制作,https://task.epwk.com/1092168/,131人,1人,¥200,圆满完成,,影视制作,直接雇佣￥ 200,￥ 200,任务编号：1092168,0-88.csv,,
【VI设计】名优土特产品牌设计,https://task.epwk.com/1092250/,29人,1人,"¥9,980",圆满完成,,名优土特产品牌设计,直接雇佣￥ 9980,￥ 9980,任务编号：1092250,0-88.csv,,
【影视拍摄】影视制作 确定合作者,https://task.epwk.com/1092447/,45人,1人,¥300,圆满完成,,影视制作 确定合作者,直接雇佣￥ 300,￥ 300,任务编号：1092447,0-88.csv,,
【宣传策划】游戏推广文章写作,https://task.epwk.com/1092567/,44人,1人,¥80,圆满完成,,游戏推广文章写作,直接雇佣￥ 80,￥ 80,任务编号：1092567,0-88.csv,,
【APP开发】笔记本散热器机身屏幕UI设计,https://task.epwk.com/1092574/,20人,1人,"¥1,800",圆满完成,,笔记本散热器机身屏幕UI设计,直接雇佣￥ 1800,￥ 1800,任务编号：1092574,0-88.csv,,
【手游开发】软件开发,https://task.epwk.com/1092699/,42人,1人,"¥25,000",圆满完成,,软件开发,直接雇佣￥ 25000,￥ 25000,任务编号：1092699,0-88.csv,,
【APP开发】咨询类APP开发（一期五阶段）,https://task.epwk.com/1092704/,34人,1人,"¥5,000",圆满完成,,咨询类APP开发（一期五阶段）,直接雇佣￥ 5000,￥ 5000,任务编号：1092704,0-88.csv,,
【三维动画】企业logo演绎动画,https://task.epwk.com/1092923/,68人,1人,"¥4,492",圆满完成,,企业logo演绎动画,直接雇佣￥ 4492,￥ 4492,任务编号：1092923,0-88.csv,,
【脚本开发】短视频渠道代运营转码,https://task.epwk.com/1092985/,84人,1人,"¥1,200",圆满完成,,短视频渠道代运营转码,直接雇佣￥ 1200,￥ 1200,任务编号：1092985,0-88.csv,,
【创意短视频】1分钟短视频,https://task.epwk.com/1093064/,312人,1人,¥200,圆满完成,,1分钟短视频,直接雇佣￥ 200,￥ 200,任务编号：1093064,0-88.csv,,
【商城建设】服务器环境搭建与项目部署,https://task.epwk.com/1093179/,66人,1人,"¥3,000",圆满完成,,服务器环境搭建与项目部署,直接雇佣￥ 3000,￥ 3000,任务编号：1093179,0-88.csv,,
【画册设计】纪念册设计,https://task.epwk.com/1093293/,37人,1人,"¥6,120",圆满完成,,纪念册设计,直接雇佣￥ 6120,￥ 6120,任务编号：1093293,0-88.csv,,
【网站UI设计】网页设计网站设计软件设计ui设计app小程序h5前端切图,https://task.epwk.com/1093317/,26人,1人,"¥1,000",圆满完成,,网页设计网站设计软件设计ui设计app小程序h5前端切图,直接雇佣￥ 1000,￥ 1000,任务编号：1093317,0-88.csv,,
【视频定制】城投电力产融视频制作,https://task.epwk.com/1093340/,655人,1人,"¥1,500",圆满完成,,城投电力产融视频制作,直接雇佣￥ 1500,￥ 1500,任务编号：1093340,0-88.csv,,
【影视拍摄】影视制作 尾款,https://task.epwk.com/1093348/,51人,1人,¥500,圆满完成,,影视制作 尾款,直接雇佣￥ 500,￥ 500,任务编号：1093348,0-88.csv,,
【定制开发】中秋H5及职业测评小程序,https://task.epwk.com/1093351/,24人,1人,"¥5,000",圆满完成,,中秋H5及职业测评小程序,直接雇佣￥ 5000,￥ 5000,任务编号：1093351,0-88.csv,,
【书籍装帧】装帧排版设计,https://task.epwk.com/1093440/,29人,1人,"¥5,200",圆满完成,,装帧排版设计,直接雇佣￥ 5200,￥ 5200,任务编号：1093440,0-88.csv,,
【主图设计】详情页设计PS修图主图设计海报设计产品描述制作美工设计,https://task.epwk.com/1093783/,131人,1人,¥320,圆满完成,,详情页设计PS修图主图设计海报设计产品描述制作美工设计,直接雇佣￥ 320,￥ 320,任务编号：1093783,0-88.csv,,
【LOGO设计】《万物代码》中英logo,https://task.epwk.com/1093956/,56人,1人,¥300,圆满完成,,《万物代码》中英logo,直接雇佣￥ 300,￥ 300,任务编号：1093956,0-88.csv,,
【LOGO设计】《万物代码》英文logo,https://task.epwk.com/1093957/,65人,1人,¥800,圆满完成,,《万物代码》英文logo,直接雇佣￥ 800,￥ 800,任务编号：1093957,0-88.csv,,
【3D建模】古代人物建模,https://task.epwk.com/1093973/,191人,1人,"¥3,000",圆满完成,,古代人物建模,直接雇佣￥ 3000,￥ 3000,任务编号：1093973,0-88.csv,,
【LOGO设计】商标设计,https://task.epwk.com/1094038/,45人,1人,¥800,圆满完成,,商标设计,直接雇佣￥ 800,￥ 800,任务编号：1094038,0-88.csv,,
【其他短视频】1分钟,https://task.epwk.com/1094136/,401人,1人,¥200,圆满完成,,1分钟,直接雇佣￥ 200,￥ 200,任务编号：1094136,0-88.csv,,
【PPT设计】商业计划书服务,https://task.epwk.com/1094188/,27人,1人,"¥12,472",圆满完成,,商业计划书服务,直接雇佣￥ 12472,￥ 12472,任务编号：1094188,0-88.csv,,
【定制开发】设计一款网站UI,https://task.epwk.com/1094192/,18人,1人,"¥15,200",圆满完成,,设计一款网站UI,直接雇佣￥ 15200,￥ 15200,任务编号：1094192,0-88.csv,,
【详情页设计】详情页设计电商海报轮播图主图,https://task.epwk.com/1094259/,91人,1人,¥200,圆满完成,,详情页设计电商海报轮播图主图,直接雇佣￥ 200,￥ 200,任务编号：1094259,0-88.csv,,
"【APP开发】第三方支付,少付了1000元,再付1000",https://task.epwk.com/1094303/,15人,1人,"¥1,000",圆满完成,,"第三方支付,少付了1000元,再付1000",直接雇佣￥ 1000,￥ 1000,任务编号：1094303,0-88.csv,,
【LOGO设计】LOGO改版,https://task.epwk.com/1094343/,39人,1人,¥200,圆满完成,,LOGO改版,直接雇佣￥ 200,￥ 200,任务编号：1094343,0-88.csv,,
【页游/端游开发】美术资源,https://task.epwk.com/1094356/,195人,1人,"¥5,000",工作中,,美术资源,直接雇佣￥ 5000,￥ 5000,任务编号：1094356,0-88.csv,,
【小程序开发】复制个模块并更改一些逻辑，,https://task.epwk.com/1094387/,20人,1人,"¥1,500",圆满完成,,复制个模块并更改一些逻辑，,直接雇佣￥ 1500,￥ 1500,任务编号：1094387,0-88.csv,,
【PPT设计】厦门小吃餐厅logo和VI设计,https://task.epwk.com/1094418/,31人,1人,¥25,圆满完成,,厦门小吃餐厅logo和VI设计,直接雇佣￥ 25,￥ 25,任务编号：1094418,0-88.csv,,
【VI设计】食品品牌设计,https://task.epwk.com/1094419/,26人,1人,"¥9,500",圆满完成,,食品品牌设计,直接雇佣￥ 9500,￥ 9500,任务编号：1094419,0-88.csv,,
【LOGO设计】简单大气,https://task.epwk.com/1094506/,31人,1人,¥50,圆满完成,,简单大气,直接雇佣￥ 50,￥ 50,任务编号：1094506,0-88.csv,,
【VI设计】UI设计需求,https://task.epwk.com/1094608/,37人,1人,"¥4,000",圆满完成,,UI设计需求,直接雇佣￥ 4000,￥ 4000,任务编号：1094608,0-88.csv,,
【彩页设计】彩印书籍排版设计,https://task.epwk.com/1094614/,34人,1人,"¥8,150",圆满完成,,彩印书籍排版设计,直接雇佣￥ 8150,￥ 8150,任务编号：1094614,0-88.csv,,
【LOGO设计】商标设计,https://task.epwk.com/1094621/,28人,1人,"¥3,300",圆满完成,,商标设计,直接雇佣￥ 3300,￥ 3300,任务编号：1094621,0-88.csv,,
【产品结构设计】节能灯具设计,https://task.epwk.com/1094648/,78人,1人,"¥7,900",圆满完成,,节能灯具设计,直接雇佣￥ 7900,￥ 7900,任务编号：1094648,0-88.csv,,
【产品结构设计】医疗设备结构设计,https://task.epwk.com/1094652/,175人,1人,"¥8,500",圆满完成,,医疗设备结构设计,直接雇佣￥ 8500,￥ 8500,任务编号：1094652,0-88.csv,,
【语音识别】语音识别应用开发,https://task.epwk.com/1094657/,37人,1人,"¥18,000",圆满完成,,语音识别应用开发,直接雇佣￥ 18000,￥ 18000,任务编号：1094657,0-88.csv,,
【AIGC技术】图像生成算法优化,https://task.epwk.com/1094660/,29人,1人,"¥24,000",圆满完成,,图像生成算法优化,直接雇佣￥ 24000,￥ 24000,任务编号：1094660,0-88.csv,,
【AI接口】机器翻译API,https://task.epwk.com/1094664/,27人,1人,"¥36,000",圆满完成,,机器翻译API,直接雇佣￥ 36000,￥ 36000,任务编号：1094664,0-88.csv,,
【小程序开发】管道小程序端开发,https://task.epwk.com/1094682/,24人,1人,"¥3,200",圆满完成,,管道小程序端开发,直接雇佣￥ 3200,￥ 3200,任务编号：1094682,0-88.csv,,
【其他管理软件】管理系统开发,https://task.epwk.com/1094726/,40人,1人,"¥44,650",圆满完成,,管理系统开发,直接雇佣￥ 44650,￥ 44650,任务编号：1094726,0-88.csv,,
【其他工具软件】WPF界面开发项目,https://task.epwk.com/1094888/,36人,1人,"¥8,000",圆满完成,,WPF界面开发项目,直接雇佣￥ 8000,￥ 8000,任务编号：1094888,0-88.csv,,
【手机网站】H5定制开发/电脑端PC/移动端手机网站,https://task.epwk.com/1094960/,20人,1人,"¥1,400",圆满完成,,H5定制开发/电脑端PC/移动端手机网站,直接雇佣￥ 1400,￥ 1400,任务编号：1094960,0-88.csv,,
【网站二次开发】H5直播网站开发有直播源接口-第二期,https://task.epwk.com/1095007/,35人,1人,"¥2,500",圆满完成,,H5直播网站开发有直播源接口-第二期,直接雇佣￥ 2500,￥ 2500,任务编号：1095007,0-88.csv,,
【外贸网站】开发一个外贸网站,https://task.epwk.com/1095184/,26人,1人,"¥3,300",圆满完成,,开发一个外贸网站,直接雇佣￥ 3300,￥ 3300,任务编号：1095184,0-88.csv,,
【其他建筑设计】厂房效果图,https://task.epwk.com/1095263/,49人,1人,¥50,圆满完成,,厂房效果图,直接雇佣￥ 50,￥ 50,任务编号：1095263,0-88.csv,,
【H5开发】商城平台系统开发,https://task.epwk.com/1095300/,130人,1人,"¥12,000",圆满完成,,商城平台系统开发,直接雇佣￥ 12000,￥ 12000,任务编号：1095300,0-88.csv,,
【APP开发】商城软件开发,https://task.epwk.com/1095347/,31人,1人,"¥46,840",圆满完成,,商城软件开发,直接雇佣￥ 46840,￥ 46840,任务编号：1095347,0-88.csv,,
【VI设计】叶面肥瓶签设计,https://task.epwk.com/1095398/,16人,1人,¥600,圆满完成,,叶面肥瓶签设计,直接雇佣￥ 600,￥ 600,任务编号：1095398,0-88.csv,,
【详情页设计】详情页设计电商海报轮播图主图,https://task.epwk.com/1095442/,91人,1人,¥300,圆满完成,,详情页设计电商海报轮播图主图,直接雇佣￥ 300,￥ 300,任务编号：1095442,0-88.csv,,
【其他网站】H5直播网站开发有直播源接口-第3/3期,https://task.epwk.com/1095531/,23人,1人,"¥2,500",圆满完成,,H5直播网站开发有直播源接口-第3/3期,直接雇佣￥ 2500,￥ 2500,任务编号：1095531,0-88.csv,,
【软件UI设计】设计图纸,https://task.epwk.com/1095538/,23人,1人,¥800,圆满完成,,设计图纸,直接雇佣￥ 800,￥ 800,任务编号：1095538,0-88.csv,,
【LOGO设计】详情页+主图+SKU,https://task.epwk.com/1095555/,42人,1人,¥500,圆满完成,,详情页+主图+SKU,直接雇佣￥ 500,￥ 500,任务编号：1095555,0-88.csv,,
【其他软件开发】淘宝多线程发货,https://task.epwk.com/1095701/,69人,1人,"¥8,000",圆满完成,,淘宝多线程发货,直接雇佣￥ 8000,￥ 8000,任务编号：1095701,0-88.csv,,
【VI设计】ui设计需求,https://task.epwk.com/1095881/,24人,1人,"¥1,500",圆满完成,,ui设计需求,直接雇佣￥ 1500,￥ 1500,任务编号：1095881,0-88.csv,,
【包装设计】杯子设计+纸托设计+设计说明定金50%,https://task.epwk.com/1096190/,29人,1人,¥750,圆满完成,,杯子设计+纸托设计+设计说明定金50%,直接雇佣￥ 750,￥ 750,任务编号：1096190,0-88.csv,,
【小程序开发】二级分销商城,https://task.epwk.com/1096614/,48人,1人,"¥5,000",圆满完成,,二级分销商城,直接雇佣￥ 5000,￥ 5000,任务编号：1096614,0-88.csv,,
【插画设计】杯子设计+纸托设计+设计说明尾款50%,https://task.epwk.com/1096676/,44人,1人,¥750,圆满完成,,杯子设计+纸托设计+设计说明尾款50%,直接雇佣￥ 750,￥ 750,任务编号：1096676,0-88.csv,,
【其他软件开发】协商好了,https://task.epwk.com/1096683/,36人,1人,"¥1,500",圆满完成,,协商好了,直接雇佣￥ 1500,￥ 1500,任务编号：1096683,0-88.csv,,
【电话调查】车辆产品信息调查（车载声音输入系统）,https://task.epwk.com/1096685/,34人,1人,¥400,圆满完成,,车辆产品信息调查（车载声音输入系统）,直接雇佣￥ 400,￥ 400,任务编号：1096685,0-88.csv,,
【电话调查】车辆产品信息调查（多辆车共享建议信息）,https://task.epwk.com/1096693/,41人,1人,¥400,圆满完成,,车辆产品信息调查（多辆车共享建议信息）,直接雇佣￥ 400,￥ 400,任务编号：1096693,0-88.csv,,
【LOGO设计】以369为核心设计企业logo,https://task.epwk.com/1096714/,45人,1人,¥800,圆满完成,,以369为核心设计企业logo,直接雇佣￥ 800,￥ 800,任务编号：1096714,0-88.csv,,
【海报设计】卡牌设计,https://task.epwk.com/1096741/,1215人,1人,¥500,工作中,,卡牌设计,直接雇佣￥ 500,￥ 500,任务编号：1096741,0-88.csv,,
【电话调查】显示系统信息调查,https://task.epwk.com/1096752/,25人,1人,¥400,圆满完成,,显示系统信息调查,直接雇佣￥ 400,￥ 400,任务编号：1096752,0-88.csv,,
【LOGO设计】产品字体设计,https://task.epwk.com/1096771/,33人,1人,¥500,圆满完成,,产品字体设计,直接雇佣￥ 500,￥ 500,任务编号：1096771,0-88.csv,,
【小程序开发】包月日常维护，修bug，做改动,https://task.epwk.com/1096865/,37人,1人,"¥3,000",圆满完成,,包月日常维护，修bug，做改动,直接雇佣￥ 3000,￥ 3000,任务编号：1096865,0-88.csv,,
【小程序开发】美厨小程序开发,https://task.epwk.com/1096977/,61人,1人,"¥5,500",圆满完成,,美厨小程序开发,直接雇佣￥ 5500,￥ 5500,任务编号：1096977,0-88.csv,,
【其他网站】JavaVUEHTML项目搭建,https://task.epwk.com/1096997/,24人,1人,¥300,圆满完成,,JavaVUEHTML项目搭建,直接雇佣￥ 300,￥ 300,任务编号：1096997,0-88.csv,,
【小程序开发】QQ机器人类型工具,https://task.epwk.com/1097066/,47人,1人,"¥3,000",圆满完成,,QQ机器人类型工具,直接雇佣￥ 3000,￥ 3000,任务编号：1097066,0-88.csv,,
【小程序开发】信用卡额度生成器,https://task.epwk.com/1097091/,23人,1人,¥200,圆满完成,,信用卡额度生成器,直接雇佣￥ 200,￥ 200,任务编号：1097091,0-88.csv,,
【其他工具软件】C++编写的工具，提取其中的代码封装成接口,https://task.epwk.com/1097204/,93人,1人,"¥10,000",圆满完成,,C++编写的工具，提取其中的代码封装成接口,直接雇佣￥ 10000,￥ 10000,任务编号：1097204,0-88.csv,,
【动画制作】动画改进版制作,https://task.epwk.com/1097220/,41人,1人,"¥1,000",圆满完成,,动画改进版制作,直接雇佣￥ 1000,￥ 1000,任务编号：1097220,0-88.csv,,
【网站UI设计】两个小程序页面设计,https://task.epwk.com/1097269/,35人,1人,¥200,圆满完成,,两个小程序页面设计,直接雇佣￥ 200,￥ 200,任务编号：1097269,0-88.csv,,
【微信开发】哔哩哔哩直播间,https://task.epwk.com/1097285/,61人,1人,"¥15,000",圆满完成,,哔哩哔哩直播间,直接雇佣￥ 15000,￥ 15000,任务编号：1097285,0-88.csv,,
【电话调查】车辆产品信息调查（车道维持控制功能的显示）,https://task.epwk.com/1097330/,16人,1人,¥400,圆满完成,,车辆产品信息调查（车道维持控制功能的显示）,直接雇佣￥ 400,￥ 400,任务编号：1097330,0-88.csv,,
【小程序开发】小程序开发（已确定服务商）,https://task.epwk.com/1097374/,60人,1人,"¥12,000",圆满完成,,小程序开发（已确定服务商）,直接雇佣￥ 12000,￥ 12000,任务编号：1097374,0-88.csv,,
【网站UI设计】仓库系统的大屏设计一期仓库初稿,https://task.epwk.com/1097557/,27人,1人,¥300,圆满完成,,仓库系统的大屏设计一期仓库初稿,直接雇佣￥ 300,￥ 300,任务编号：1097557,0-88.csv,,
【动画设计】动画设计购买,https://task.epwk.com/1097693/,40人,1人,"¥1,800",圆满完成,,动画设计购买,直接雇佣￥ 1800,￥ 1800,任务编号：1097693,0-88.csv,,
【软件UI设计】APP软件界面约32个的设计,https://task.epwk.com/1097727/,45人,1人,"¥1,800",圆满完成,,APP软件界面约32个的设计,直接雇佣￥ 1800,￥ 1800,任务编号：1097727,0-88.csv,,
【电话调查】车辆产品信息调查（辅助停车功能）,https://task.epwk.com/1097763/,13人,1人,¥400,圆满完成,,车辆产品信息调查（辅助停车功能）,直接雇佣￥ 400,￥ 400,任务编号：1097763,0-88.csv,,
【海报设计】:婴儿食品公司新品 想找接单美工,https://task.epwk.com/1097844/,44人,1人,¥40,圆满完成,,:婴儿食品公司新品 想找接单美工,直接雇佣￥ 40,￥ 40,任务编号：1097844,0-88.csv,,
【电话调查】车辆产品信息调查（自动驾驶模式）,https://task.epwk.com/1098006/,21人,1人,¥400,圆满完成,,车辆产品信息调查（自动驾驶模式）,直接雇佣￥ 400,￥ 400,任务编号：1098006,0-88.csv,,
【其他软件开发】PHP漏洞修复,https://task.epwk.com/1098059/,30人,1人,¥300,圆满完成,,PHP漏洞修复,直接雇佣￥ 300,￥ 300,任务编号：1098059,0-88.csv,,
【海报设计】彩页的设计,https://task.epwk.com/1098079/,32人,1人,¥80,圆满完成,,彩页的设计,直接雇佣￥ 80,￥ 80,任务编号：1098079,0-88.csv,,
【电话调查】车辆产品信息调查（防撞功能）,https://task.epwk.com/1098192/,20人,1人,¥400,圆满完成,,车辆产品信息调查（防撞功能）,直接雇佣￥ 400,￥ 400,任务编号：1098192,0-88.csv,,
【ERP系统】咨询类 APP 开发（一期尾款）,https://task.epwk.com/1098196/,25人,1人,"¥5,000",圆满完成,,咨询类 APP 开发（一期尾款）,直接雇佣￥ 5000,￥ 5000,任务编号：1098196,0-88.csv,,
【网站UI设计】大屏项目二期工程,https://task.epwk.com/1098200/,68人,1人,¥900,圆满完成,,大屏项目二期工程,直接雇佣￥ 900,￥ 900,任务编号：1098200,0-88.csv,,
【其他软件开发】已谈好,https://task.epwk.com/1098201/,19人,1人,¥400,圆满完成,,已谈好,直接雇佣￥ 400,￥ 400,任务编号：1098201,0-88.csv,,
【定制开发】网站简单页面修改,https://task.epwk.com/1098208/,34人,1人,"¥1,780",圆满完成,,网站简单页面修改,直接雇佣￥ 1780,￥ 1780,任务编号：1098208,0-88.csv,,
【定制开发】急 页面修改,https://task.epwk.com/1098444/,29人,1人,"¥1,750",圆满完成,,急 页面修改,直接雇佣￥ 1750,￥ 1750,任务编号：1098444,0-88.csv,,
【电话调查】车辆产品信息调查（防撞功能2）,https://task.epwk.com/1098499/,15人,1人,¥400,圆满完成,,车辆产品信息调查（防撞功能2）,直接雇佣￥ 400,￥ 400,任务编号：1098499,0-88.csv,,
【电话调查】车辆产品信息调查（车道维持控制装置）,https://task.epwk.com/1098551/,17人,1人,¥400,圆满完成,,车辆产品信息调查（车道维持控制装置）,直接雇佣￥ 400,￥ 400,任务编号：1098551,0-88.csv,,
【小程序开发】员工任务管理系统小程序开发二期款,https://task.epwk.com/1098773/,64人,1人,"¥6,000",圆满完成,,员工任务管理系统小程序开发二期款,直接雇佣￥ 6000,￥ 6000,任务编号：1098773,0-88.csv,,
【定制开发】交友APP首款,https://task.epwk.com/1098785/,88人,1人,"¥50,000",圆满完成,,交友APP首款,直接雇佣￥ 50000,￥ 50000,任务编号：1098785,0-88.csv,,
【定制开发】交友APP首款,https://task.epwk.com/1098787/,28人,1人,"¥2,520",圆满完成,,交友APP首款,直接雇佣￥ 2520,￥ 2520,任务编号：1098787,0-88.csv,,
【电话调查】车辆产品信息调查（车道维持控制技术）,https://task.epwk.com/1098921/,10人,1人,¥400,圆满完成,,车辆产品信息调查（车道维持控制技术）,直接雇佣￥ 400,￥ 400,任务编号：1098921,0-88.csv,,
【电话调查】车辆产品信息调查（警报技术）,https://task.epwk.com/1098922/,8人,1人,¥400,圆满完成,,车辆产品信息调查（警报技术）,直接雇佣￥ 400,￥ 400,任务编号：1098922,0-88.csv,,
【电话调查】车辆产品信息调查（车辆自动驾驶切换）,https://task.epwk.com/1098923/,12人,1人,¥400,圆满完成,,车辆产品信息调查（车辆自动驾驶切换）,直接雇佣￥ 400,￥ 400,任务编号：1098923,0-88.csv,,
【公众号文章】石林贸易公众号文章撰写,https://task.epwk.com/1098927/,58人,1人,¥500,圆满完成,,石林贸易公众号文章撰写,直接雇佣￥ 500,￥ 500,任务编号：1098927,0-88.csv,,
【公众号文章】西藏文化公众号文章撰写,https://task.epwk.com/1098929/,66人,1人,¥300,圆满完成,,西藏文化公众号文章撰写,直接雇佣￥ 300,￥ 300,任务编号：1098929,0-88.csv,,
【行业分析报告】预制菜行业分析报告,https://task.epwk.com/1098932/,4人,1人,¥500,圆满完成,,预制菜行业分析报告,直接雇佣￥ 500,￥ 500,任务编号：1098932,0-88.csv,,
【行业分析报告】新能源汽车行业分析报告,https://task.epwk.com/1098933/,10人,1人,"¥1,000",圆满完成,,新能源汽车行业分析报告,直接雇佣￥ 1000,￥ 1000,任务编号：1098933,0-88.csv,,
【种草文案】护手霜种草文案,https://task.epwk.com/1098937/,10人,1人,¥500,圆满完成,,护手霜种草文案,直接雇佣￥ 500,￥ 500,任务编号：1098937,0-88.csv,,
【种草文案】学习机种草文案,https://task.epwk.com/1098938/,18人,1人,"¥1,000",圆满完成,,学习机种草文案,直接雇佣￥ 1000,￥ 1000,任务编号：1098938,0-88.csv,,
【详情页文案】新希望饮品详情页文案,https://task.epwk.com/1098942/,2人,1人,"¥1,000",圆满完成,,新希望饮品详情页文案,直接雇佣￥ 1000,￥ 1000,任务编号：1098942,0-88.csv,,
【详情页文案】蜂蜜详情页文案,https://task.epwk.com/1098943/,7人,1人,¥500,圆满完成,,蜂蜜详情页文案,直接雇佣￥ 500,￥ 500,任务编号：1098943,0-88.csv,,
【公关稿】广西北海制药国发集团公关稿,https://task.epwk.com/1098948/,9人,1人,¥500,圆满完成,,广西北海制药国发集团公关稿,直接雇佣￥ 500,￥ 500,任务编号：1098948,0-88.csv,,
【公关稿】草创堂野生松茸公关稿,https://task.epwk.com/1098950/,8人,1人,¥800,圆满完成,,草创堂野生松茸公关稿,直接雇佣￥ 800,￥ 800,任务编号：1098950,0-88.csv,,
【自媒体软文】艺术培训学校软文撰写,https://task.epwk.com/1098954/,22人,1人,¥300,圆满完成,,艺术培训学校软文撰写,直接雇佣￥ 300,￥ 300,任务编号：1098954,0-88.csv,,
【自媒体软文】浣洗洗护自媒体营销推广软文,https://task.epwk.com/1098955/,72人,1人,¥500,圆满完成,,浣洗洗护自媒体营销推广软文,直接雇佣￥ 500,￥ 500,任务编号：1098955,0-88.csv,,
【电话调查】车辆产品信息调查（驾驶辅助装置）,https://task.epwk.com/1099007/,14人,1人,¥400,圆满完成,,车辆产品信息调查（驾驶辅助装置）,直接雇佣￥ 400,￥ 400,任务编号：1099007,0-88.csv,,
【电话调查】车辆产品信息调查（车辆远程操作）,https://task.epwk.com/1099014/,17人,1人,¥400,圆满完成,,车辆产品信息调查（车辆远程操作）,直接雇佣￥ 400,￥ 400,任务编号：1099014,0-88.csv,,
【电话调查】车辆产品信息调查（车辆远程操作2）,https://task.epwk.com/1099015/,23人,1人,¥400,圆满完成,,车辆产品信息调查（车辆远程操作2）,直接雇佣￥ 400,￥ 400,任务编号：1099015,0-88.csv,,
【网站UI设计】需要设计,https://task.epwk.com/1099160/,29人,1人,¥600,圆满完成,,需要设计,直接雇佣￥ 600,￥ 600,任务编号：1099160,0-88.csv,,
【小程序开发】管道小程序二开,https://task.epwk.com/1099465/,189人,1人,"¥2,000",圆满完成,,管道小程序二开,直接雇佣￥ 2000,￥ 2000,任务编号：1099465,0-88.csv,,
【LOGO设计】商旅 logo 设计,https://task.epwk.com/1099507/,17人,1人,¥550,圆满完成,,商旅 logo 设计,直接雇佣￥ 550,￥ 550,任务编号：1099507,0-88.csv,,
【视频定制】视频剪辑制作,https://task.epwk.com/1099538/,99人,1人,¥500,圆满完成,,视频剪辑制作,直接雇佣￥ 500,￥ 500,任务编号：1099538,0-88.csv,,
【软件UI设计】PC端设计,https://task.epwk.com/1099548/,284人,1人,"¥3,300",圆满完成,,PC端设计,直接雇佣￥ 3300,￥ 3300,任务编号：1099548,0-88.csv,,
【电话调查】车辆产品信息调查（限制车道变更）,https://task.epwk.com/1099906/,10人,1人,¥400,圆满完成,,车辆产品信息调查（限制车道变更）,直接雇佣￥ 400,￥ 400,任务编号：1099906,0-88.csv,,
【电话调查】车辆产品信息调查（车道变更中止条件）,https://task.epwk.com/1099912/,8人,1人,¥400,圆满完成,,车辆产品信息调查（车道变更中止条件）,直接雇佣￥ 400,￥ 400,任务编号：1099912,0-88.csv,,
【电话调查】车辆产品信息调查（车辆周边监视装置）,https://task.epwk.com/1099914/,22人,1人,¥400,圆满完成,,车辆产品信息调查（车辆周边监视装置）,直接雇佣￥ 400,￥ 400,任务编号：1099914,0-88.csv,,
【展台设计】有图片，有内容，自由搭配，达到做好视觉效果,https://task.epwk.com/1100151/,38人,1人,¥500,圆满完成,,有图片，有内容，自由搭配，达到做好视觉效果,直接雇佣￥ 500,￥ 500,任务编号：1100151,0-88.csv,,
【LOGO设计】品牌设计,https://task.epwk.com/1100170/,18人,1人,"¥3,600",圆满完成,,品牌设计,直接雇佣￥ 3600,￥ 3600,任务编号：1100170,0-88.csv,,
【APP开发】知了 APP开发 二期款,https://task.epwk.com/1100179/,621人,1人,"¥20,000",工作中,,知了 APP开发 二期款,直接雇佣￥ 20000,￥ 20000,任务编号：1100179,0-88.csv,,
【软件UI设计】软件界面设计管理系统ui设计大数据ui客户端软件触摸屏,https://task.epwk.com/1100187/,51人,1人,¥500,圆满完成,,软件界面设计管理系统ui设计大数据ui客户端软件触摸屏,直接雇佣￥ 500,￥ 500,任务编号：1100187,0-88.csv,,
【电商平台管理】亚马逊平台管理,https://task.epwk.com/1100261/,19人,1人,¥800,圆满完成,,亚马逊平台管理,直接雇佣￥ 800,￥ 800,任务编号：1100261,0-88.csv,,
【其他平台代运营】生鲜拼多多店铺运营,https://task.epwk.com/1100264/,14人,1人,"¥1,500",圆满完成,,生鲜拼多多店铺运营,直接雇佣￥ 1500,￥ 1500,任务编号：1100264,0-88.csv,,
【节日营销活动】购物节返利网站营销活动策划,https://task.epwk.com/1100266/,5人,1人,¥800,圆满完成,,购物节返利网站营销活动策划,直接雇佣￥ 800,￥ 800,任务编号：1100266,0-88.csv,,
【专业背书营销】森珍otc药品专业背书营销,https://task.epwk.com/1100268/,4人,1人,"¥2,000",圆满完成,,森珍otc药品专业背书营销,直接雇佣￥ 2000,￥ 2000,任务编号：1100268,0-88.csv,,
【软件UI设计】软件界面设计管理系统ui设计大数据ui客户端软件触摸屏,https://task.epwk.com/1100393/,534人,1人,"¥1,500",圆满完成,,软件界面设计管理系统ui设计大数据ui客户端软件触摸屏,直接雇佣￥ 1500,￥ 1500,任务编号：1100393,0-88.csv,,
【定制开发】职规平台、超链接平台,https://task.epwk.com/1100739/,66人,1人,"¥2,800",圆满完成,,职规平台、超链接平台,直接雇佣￥ 2800,￥ 2800,任务编号：1100739,0-88.csv,,
【电商网站】php项目定制开发,https://task.epwk.com/1101120/,78人,1人,"¥7,000",圆满完成,,php项目定制开发,直接雇佣￥ 7000,￥ 7000,任务编号：1101120,0-88.csv,,
【APP开发】APP定制,https://task.epwk.com/1101267/,53人,1人,"¥32,737",圆满完成,,APP定制,直接雇佣￥ 32737,￥ 32737,任务编号：1101267,0-88.csv,,
【APP开发】安卓开发,https://task.epwk.com/1101282/,63人,1人,"¥6,600",圆满完成,,安卓开发,直接雇佣￥ 6600,￥ 6600,任务编号：1101282,0-88.csv,,
【小程序开发】国品汇健康科技（天津）有限公司,https://task.epwk.com/1101293/,42人,1人,"¥3,000",圆满完成,,国品汇健康科技（天津）有限公司,直接雇佣￥ 3000,￥ 3000,任务编号：1101293,0-88.csv,,
